Environment1,Environment2,ttest.t,meanRM,meanBY,varRM,varBY,meanRM_env1,meanBY_env1,varRM_env1,varBY_env1,meanRM_env2,meanBY_env2,varRM_env2,varBY_env2
Paraquat,Diamide,-0.105177487,0.690130346,0.693763548,0.294667436,0.301204337,-0.202168313,0.22335996,0.835009279,1.089176865,-0.0664188,0.07382974,1.153252045,0.821345524
Paraquat,Zeocin,-4.237943495,0.584222051,0.727893682,0.276522781,0.270995898,-0.202168313,0.22335996,0.835009279,1.089176865,-0.161585147,0.180532078,0.933085645,1.015095118
Diamide,Zeocin,3.039423543,0.771769913,0.668471568,0.287620884,0.263556706,-0.0664188,0.07382974,1.153252045,0.821345524,-0.161585147,0.180532078,0.933085645,1.015095118
Cobalt_Chloride,Neomycin,-0.294541095,0.727036945,0.736770799,0.285688745,0.261475768,0.127382199,-0.118353193,1.034727145,0.940519078,-0.062672676,0.058221834,0.984403183,1.009357884
x5.Fluorocytosine,x5.Fluorouracil,0.858426169,0.473351997,0.451938205,0.14063762,0.155994257,0.279511375,-0.275452081,1.010898276,0.838155681,0.216930654,-0.219570784,0.893358866,1.013936391
Congo_red,Cobalt_Chloride,-0.760446682,0.766554236,0.792909752,0.250570437,0.339741371,-0.188934807,0.176612971,0.860599466,1.067583068,-0.140801516,0.132918806,0.959749144,1.003474357
Tunicamycin,SDS,2.356462943,0.798784417,0.714714833,0.26916456,0.282433969,-0.247468892,0.270106379,0.912624199,0.95737695,-0.129401261,0.147479378,1.04239247,0.91319299
Magnesium_Sulfate,Zeocin,-10.24269332,0.528170731,0.881936452,0.317006449,0.251900628,-0.151721927,0.148735275,0.633447236,1.316518585,-0.216362039,0.20620627,0.856926637,1.051074504
Diamide,Hydrogen_Peroxide,0.197305282,0.670669321,0.662983315,0.294507061,0.287587821,-0.19869706,0.208023657,1.05944762,0.855020712,-0.132935427,0.144103444,0.940116847,1.027614309
Hydroxyurea,Indoleacetic_Acid,-5.217491245,0.534833049,0.727749551,0.29895721,0.339291462,0.14038985,-0.155431619,1.058360751,0.891526586,0.172664961,-0.187144203,0.596193044,1.372363492
Hydroxyurea,Formamide,0.577472248,0.742916995,0.720861858,0.359715998,0.326459433,0.14038985,-0.155431619,1.058360751,0.891526586,0.118244661,-0.129920079,0.976837244,0.995250453
Indoleacetic_Acid,Formamide,-2.361527888,0.532906983,0.600678919,0.203994804,0.203421651,0.172664961,-0.187144203,0.596193044,1.372363492,0.118244661,-0.129920079,0.976837244,0.995250453
x4.Hydroxybenzaldehyde,x6.Azauracil,1.531899105,0.770435697,0.714225957,0.335748876,0.310450827,-0.197671523,0.198493442,0.942755208,0.980766672,-0.250326083,0.244884212,0.985679914,0.894479041
x4.Hydroxybenzaldehyde,Lithium_Chloride,0.707035389,0.727174539,0.701722013,0.3332671,0.290159188,-0.197671523,0.198493442,0.942755208,0.980766672,-0.402636818,0.401032687,0.886231826,0.792368967
x6.Azauracil,Lithium_Chloride,-0.532777128,0.615129619,0.631811668,0.262996904,0.225449635,-0.250326083,0.244884212,0.985679914,0.894479041,-0.402636818,0.401032687,0.886231826,0.792368967
Calcium_Chloride,SDS,-0.845566303,0.556026849,0.583067884,0.209450629,0.22249996,0.115827188,-0.122094893,0.981698869,0.992350714,0.180802736,-0.194116002,0.946182948,0.987219209
Magnesium_Sulfate,Diamide,15.02803252,0.75350284,0.27072378,0.344955075,0.177810627,0.427159895,-0.457043509,1.315593548,0.259391561,0.131547913,-0.141060676,0.9244447,1.044566748
Diamide,Indoleacetic_Acid,-11.2683385,0.438275894,0.774286128,0.132121914,0.312306784,0.257414838,-0.248834344,0.802763281,1.066394209,0.312199359,-0.302307894,0.338623957,1.45622512
Diamide,Formamide,-4.85588278,0.616100853,0.774984755,0.217794755,0.318064622,0.257414838,-0.248834344,0.802763281,1.066394209,0.306260622,-0.294828497,0.607779561,1.201952225
Diamide,Congo_red,-3.059273103,0.689778905,0.790390282,0.320032143,0.205615094,0.257414838,-0.248834344,0.802763281,1.066394209,0.211346817,-0.203299543,1.079422337,0.841149177
Diamide,Zeocin,1.350473147,0.687289856,0.64082759,0.321653282,0.241283396,0.257414838,-0.248834344,0.802763281,1.066394209,0.328786357,-0.313353528,1.132848648,0.673816562
Indoleacetic_Acid,Formamide,-6.36079479,0.443279473,0.622462142,0.138302239,0.256814502,0.312199359,-0.302307894,0.338623957,1.45622512,0.306260622,-0.294828497,0.607779561,1.201952225
Indoleacetic_Acid,Congo_red,-13.58551703,0.443502244,0.796538372,0.13713262,0.191658794,0.312199359,-0.302307894,0.338623957,1.45622512,0.211346817,-0.203299543,1.079422337,0.841149177
Indoleacetic_Acid,Zeocin,-8.037790675,0.441978729,0.66220008,0.140952183,0.217057289,0.312199359,-0.302307894,0.338623957,1.45622512,0.328786357,-0.313353528,1.132848648,0.673816562
Formamide,Congo_red,-6.307765831,0.606294275,0.79210059,0.220475923,0.201044314,0.306260622,-0.294828497,0.607779561,1.201952225,0.211346817,-0.203299543,1.079422337,0.841149177
Formamide,Zeocin,-1.904037656,0.593781758,0.650499213,0.219610467,0.201630637,0.306260622,-0.294828497,0.607779561,1.201952225,0.328786357,-0.313353528,1.132848648,0.673816562
Congo_red,Zeocin,4.58891141,0.683076222,0.533636407,0.295935498,0.207378039,0.211346817,-0.203299543,1.079422337,0.841149177,0.328786357,-0.313353528,1.132848648,0.673816562
Zeocin,Tunicamycin,-2.311600803,0.693285587,0.770379472,0.261229705,0.269735029,-0.257720695,0.272685123,0.831434595,1.035583853,0.206791364,-0.220379297,1.011964289,0.894972279
Tunicamycin,x4.Hydroxybenzaldehyde,-0.152971146,0.711880922,0.71700334,0.284192001,0.256437792,-0.364795814,0.372121031,0.851730513,0.878490837,0.143898364,-0.145700848,0.956128025,1.004231595
Cobalt_Chloride,Paraquat,1.443828767,0.784337838,0.732598524,0.361902876,0.282232676,0.157807587,-0.155628784,1.118693017,0.836049142,-0.138270781,0.13662796,0.980295738,0.983820439
Cobalt_Chloride,Mannose,1.326298318,0.72770033,0.681245536,0.330125814,0.255391792,0.157807587,-0.155628784,1.118693017,0.836049142,0.133805741,-0.129134904,0.947470319,1.018725155
Cobalt_Chloride,SDS,0.329097015,0.772259452,0.760183583,0.335811581,0.252370715,0.157807587,-0.155628784,1.118693017,0.836049142,0.131798738,-0.133317157,0.948425729,1.019053161
Paraquat,Mannose,-0.980507772,0.767707556,0.805267032,0.357488177,0.342691262,-0.138270781,0.13662796,0.980295738,0.983820439,0.133805741,-0.129134904,0.947470319,1.018725155
Paraquat,SDS,-0.592940634,0.720787001,0.744246471,0.363932743,0.318756698,-0.138270781,0.13662796,0.980295738,0.983820439,0.131798738,-0.133317157,0.948425729,1.019053161
Mannose,SDS,-1.756879315,0.636243771,0.700442588,0.248725699,0.302491097,0.133805741,-0.129134904,0.947470319,1.018725155,0.131798738,-0.133317157,0.948425729,1.019053161
Congo_red,Neomycin,1.955051176,0.83588764,0.768622533,0.32370943,0.252417337,0.23208268,-0.218728716,1.038633116,0.86678088,-0.133263706,0.125788566,1.075890465,0.897663717
Maltose,Paraquat,-10.43555683,0.428367687,0.7477668,0.121620056,0.348603795,0.378597813,-0.373360294,0.305561717,1.405485361,0.17778944,-0.176378413,1.017139591,0.922393026
Hydroxyurea,x4NQO,10.38039568,0.721348946,0.401479284,0.326151401,0.123860664,-0.288662534,0.294843744,0.97494928,0.855321844,-0.507274659,0.500257025,1.178016746,0.321408138
Paraquat,Hydroxyurea,1.266960134,0.734682547,0.689937981,0.362249888,0.230109477,0.236212895,-0.25277215,1.174380844,0.691578201,-0.221861651,0.240472562,0.933851206,0.962497702
Zeocin,Copper,-2.392179207,0.604268883,0.686371698,0.296250056,0.248427761,0.264093923,-0.292597452,1.102978662,0.724843821,0.16481241,-0.180441173,0.739561407,1.22491601
Zeocin,Magnesium_Sulfate,-3.866857705,0.53953525,0.680384242,0.393972557,0.246753764,0.264093923,-0.292597452,1.102978662,0.724843821,-0.18030554,0.199165953,0.716672032,1.239387108
Zeocin,x4NQO,3.140986057,0.808154564,0.698941347,0.342911101,0.238315259,0.264093923,-0.292597452,1.102978662,0.724843821,-0.162561594,0.18066194,1.075196545,0.856380396
Zeocin,Cobalt_Chloride,5.641553972,0.767826688,0.58446469,0.297990082,0.210636397,0.264093923,-0.292597452,1.102978662,0.724843821,0.475798524,-0.526563639,0.903148362,0.580389298
Copper,Magnesium_Sulfate,-5.716090998,0.552493766,0.798249644,0.362474968,0.525951941,0.16481241,-0.180441173,0.739561407,1.22491601,-0.18030554,0.199165953,0.716672032,1.239387108
Copper,x4NQO,-1.498181421,0.633672922,0.69011505,0.318438591,0.366118634,0.16481241,-0.180441173,0.739561407,1.22491601,-0.162561594,0.18066194,1.075196545,0.856380396
Copper,Cobalt_Chloride,0.845683773,0.622072717,0.594831963,0.289047749,0.217425755,0.16481241,-0.180441173,0.739561407,1.22491601,0.475798524,-0.526563639,0.903148362,0.580389298
Magnesium_Sulfate,x4NQO,-3.459261,0.563446186,0.698313537,0.395899443,0.36661633,-0.18030554,0.199165953,0.716672032,1.239387108,-0.162561594,0.18066194,1.075196545,0.856380396
Magnesium_Sulfate,Cobalt_Chloride,-0.385502412,0.591067826,0.603256847,0.290793016,0.214615962,-0.18030554,0.199165953,0.716672032,1.239387108,0.475798524,-0.526563639,0.903148362,0.580389298
x4NQO,Cobalt_Chloride,4.970634743,0.753391685,0.591866517,0.319049782,0.215563154,-0.162561594,0.18066194,1.075196545,0.856380396,0.475798524,-0.526563639,0.903148362,0.580389298
Neomycin,Tunicamycin,-2.28216289,0.698241006,0.779975885,0.30510333,0.336371957,0.245541,-0.266427267,0.830402995,1.049446414,-0.190093321,0.207482316,0.913279583,1.014091354
Neomycin,Lithium_Chloride,-0.707114213,0.722096832,0.747103459,0.304150514,0.320090062,0.245541,-0.266427267,0.830402995,1.049446414,0.181129088,-0.196977884,1.030990189,0.893745992
Tunicamycin,Lithium_Chloride,1.068514178,0.784216521,0.746807084,0.273748613,0.335935624,-0.190093321,0.207482316,0.913279583,1.014091354,0.181129088,-0.196977884,1.030990189,0.893745992
Ethanol,Calcium_Chloride,-0.069116652,0.645594957,0.647923682,0.283967626,0.25448072,0.20095516,-0.213380959,1.106059466,0.800904873,0.130543407,-0.140541261,0.950915682,1.016862607
Cobalt_Chloride,Xylose,0.967816882,0.706739701,0.674631744,0.281273069,0.270495668,0.274650609,-0.292097676,0.991336426,0.845382655,0.184621667,-0.196397946,1.009363201,0.917114421
Cobalt_Chloride,Trehalose,0.641933119,0.69792846,0.676617236,0.287851133,0.265049389,0.274650609,-0.292097676,0.991336426,0.845382655,0.192417351,-0.204690885,1.000739588,0.919822962
Xylose,Trehalose,0.150213056,0.297449507,0.295002059,0.067465353,0.065339657,0.184621667,-0.196397946,1.009363201,0.917114421,0.192417351,-0.204690885,1.000739588,0.919822962
Lactate,Sorbitol,1.537308148,0.403194257,0.362256085,0.119232615,0.088766877,0.230862063,-0.236141653,0.863107501,1.031604174,0.190741583,-0.199204521,1.026158176,0.898156855
Lactate,Copper,-5.359840272,0.567297772,0.752253691,0.227500691,0.331005124,0.230862063,-0.236141653,0.863107501,1.031604174,0.153769164,-0.156966028,0.703985547,1.255388271
Lactate,Diamide,-3.188359805,0.72347108,0.839205469,0.31246372,0.326370715,0.230862063,-0.236141653,0.863107501,1.031604174,0.147342087,-0.151816037,0.870189351,1.090279537
Lactate,Lactose,-0.65907445,0.321937744,0.334840882,0.105667082,0.08071841,0.230862063,-0.236141653,0.863107501,1.031604174,0.192735708,-0.199772712,0.804199414,1.126424696
Sorbitol,Copper,-2.389530398,0.595759802,0.702776784,0.254598278,0.313225937,0.190741583,-0.199204521,1.026158176,0.898156855,0.153769164,-0.156966028,0.703985547,1.255388271
Sorbitol,Diamide,-0.531801014,0.707393027,0.732347884,0.309897495,0.346493766,0.190741583,-0.199204521,1.026158176,0.898156855,0.147342087,-0.151816037,0.870189351,1.090279537
Sorbitol,Lactose,0.414839325,0.44419819,0.4300388,0.189525395,0.15878267,0.190741583,-0.199204521,1.026158176,0.898156855,0.192735708,-0.199772712,0.804199414,1.126424696
Copper,Diamide,-5.343884896,0.637185303,0.836166011,0.290024581,0.380231349,0.153769164,-0.156966028,0.703985547,1.255388271,0.147342087,-0.151816037,0.870189351,1.090279537
Copper,Lactose,-4.630137014,0.58457201,0.746126252,0.218597423,0.369465613,0.153769164,-0.156966028,0.703985547,1.255388271,0.192735708,-0.199772712,0.804199414,1.126424696
Diamide,Lactose,-4.052191074,0.687846364,0.839360773,0.327571658,0.370594616,0.147342087,-0.151816037,0.870189351,1.090279537,0.192735708,-0.199772712,0.804199414,1.126424696
SDS,Tunicamycin,-1.269351888,0.669531307,0.715311428,0.287848906,0.279239858,0.454294998,-0.472339426,0.750829974,0.822721067,0.14127591,-0.140715292,1.082832205,0.879725857
SDS,x4.Hydroxybenzaldehyde,0.828741538,0.559280752,0.53447495,0.214575357,0.162609466,0.454294998,-0.472339426,0.750829974,0.822721067,0.413368708,-0.420287013,0.926541217,0.725678021
SDS,Zeocin,-0.671248254,0.648035173,0.672353621,0.293845834,0.247826975,0.454294998,-0.472339426,0.750829974,0.822721067,0.151220457,-0.146553159,1.172436665,0.79122864
SDS,Copper,3.335263856,0.655358755,0.537287069,0.299735951,0.228029972,0.454294998,-0.472339426,0.750829974,0.822721067,-0.334919247,0.334919247,1.258677207,0.518580284
SDS,Paraquat,-1.18135548,0.669152114,0.712672022,0.301190144,0.29047839,0.454294998,-0.472339426,0.750829974,0.822721067,0.222650056,-0.222650056,1.080341446,0.82231057
SDS,Congo_red,0.372839623,0.656274479,0.643125835,0.287294393,0.239287266,0.454294998,-0.472339426,0.750829974,0.822721067,0.323015831,-0.317130927,0.942581151,0.854976911
Tunicamycin,x4.Hydroxybenzaldehyde,3.632204876,0.779313497,0.65127125,0.312104259,0.287043317,0.14127591,-0.140715292,1.082832205,0.879725857,0.413368708,-0.420287013,0.926541217,0.725678021
Tunicamycin,Zeocin,3.230389545,0.863874505,0.756817884,0.308384088,0.21488697,0.14127591,-0.140715292,1.082832205,0.879725857,0.151220457,-0.146553159,1.172436665,0.79122864
Tunicamycin,Copper,9.557703547,0.863425092,0.541527192,0.329993354,0.220597627,0.14127591,-0.140715292,1.082832205,0.879725857,-0.334919247,0.334919247,1.258677207,0.518580284
Tunicamycin,Paraquat,1.856088417,0.766243493,0.699345518,0.331032467,0.320434018,0.14127591,-0.140715292,1.082832205,0.879725857,0.222650056,-0.222650056,1.080341446,0.82231057
Tunicamycin,Congo_red,1.493124351,0.741373848,0.690881361,0.277332652,0.28244301,0.14127591,-0.140715292,1.082832205,0.879725857,0.323015831,-0.317130927,0.942581151,0.854976911
x4.Hydroxybenzaldehyde,Zeocin,3.497745447,0.719857999,0.601769703,0.280389643,0.241894773,0.413368708,-0.420287013,0.926541217,0.725678021,0.151220457,-0.146553159,1.172436665,0.79122864
x4.Hydroxybenzaldehyde,Copper,7.406986994,0.774411686,0.525332029,0.317447752,0.213797812,0.413368708,-0.420287013,0.926541217,0.725678021,-0.334919247,0.334919247,1.258677207,0.518580284
x4.Hydroxybenzaldehyde,Paraquat,3.465826254,0.768376261,0.648183118,0.30926489,0.268944082,0.413368708,-0.420287013,0.926541217,0.725678021,0.222650056,-0.222650056,1.080341446,0.82231057
x4.Hydroxybenzaldehyde,Congo_red,2.727363796,0.738752032,0.644401604,0.282462356,0.279412013,0.413368708,-0.420287013,0.926541217,0.725678021,0.323015831,-0.317130927,0.942581151,0.854976911
Zeocin,Copper,11.2920068,0.918933356,0.532014477,0.316090358,0.224347788,0.151220457,-0.146553159,1.172436665,0.79122864,-0.334919247,0.334919247,1.258677207,0.518580284
Zeocin,Paraquat,4.727765612,0.733391064,0.573198758,0.30874229,0.238405961,0.151220457,-0.146553159,1.172436665,0.79122864,0.222650056,-0.222650056,1.080341446,0.82231057
Zeocin,Congo_red,5.117805491,0.69242208,0.531984676,0.251677912,0.216259382,0.151220457,-0.146553159,1.172436665,0.79122864,0.323015831,-0.317130927,0.942581151,0.854976911
Copper,Paraquat,8.438633124,0.829665257,0.535640255,0.361802552,0.226527042,-0.334919247,0.334919247,1.258677207,0.518580284,0.222650056,-0.222650056,1.080341446,0.82231057
Copper,Congo_red,8.818376966,0.804436404,0.52263523,0.271467563,0.210569049,-0.334919247,0.334919247,1.258677207,0.518580284,0.323015831,-0.317130927,0.942581151,0.854976911
Paraquat,Congo_red,3.780522804,0.76274262,0.629594675,0.288123696,0.317999466,0.222650056,-0.222650056,1.080341446,0.82231057,0.323015831,-0.317130927,0.942581151,0.854976911
Lithium_Chloride,Calcium_Chloride,-0.433673769,0.746945418,0.762953928,0.322890417,0.323579052,-0.193815649,0.19851421,0.958676145,0.966311255,0.196765264,-0.201380227,0.998930922,0.922881006
Diamide,Hydrogen_Peroxide,3.556290723,0.733832408,0.595187587,0.325315547,0.259723087,-0.285260694,0.301043561,0.985891944,0.840078066,-0.372571183,0.393490955,0.942972816,0.760672126
Paraquat,Zeocin,-2.369201738,0.609383306,0.690614173,0.255562095,0.305596427,-0.14804822,0.149232606,0.879834829,1.078679529,-0.238352925,0.240856632,0.783641311,1.10507762
Paraquat,Hydrogen_Peroxide,-1.477317642,0.723492906,0.786288285,0.328930711,0.365336661,-0.139290821,0.131732404,0.910146063,1.051138556,-0.12002399,0.113052899,0.957816607,1.015842063
Hydroxyurea,Cadmium_Chloride,2.825633936,0.806939175,0.68765319,0.376111322,0.281894804,-0.119148925,0.117643886,1.107895681,0.867663794,0.060172628,-0.058245918,1.107124659,0.891868618
Mannose,Calcium_Chloride,-0.421451559,0.671776175,0.686939356,0.273815135,0.310555896,0.175685423,-0.172411782,0.862074519,1.077284224,0.191993703,-0.183680574,0.874266619,1.053197485
Ethanol,Galactose,1.061376304,0.648773266,0.614249833,0.274823953,0.225614088,0.423256168,-0.427655921,0.943288352,0.694730015,0.009124619,-0.009086758,0.785258749,1.215761531
Ethanol,x4.Hydroxybenzaldehyde,-0.63340365,0.600955308,0.621103772,0.228656793,0.242925099,0.423256168,-0.427655921,0.943288352,0.694730015,-0.166805855,0.163380683,0.668636471,1.27254586
Ethanol,Raffinose,0.474691586,0.565415717,0.549798065,0.202322142,0.152831544,0.423256168,-0.427655921,0.943288352,0.694730015,0.171747933,-0.163641836,0.864775622,1.076735629
Ethanol,Lactate,0.2598872,0.560134008,0.55283061,0.194373083,0.182774712,0.423256168,-0.427655921,0.943288352,0.694730015,0.346101579,-0.346813722,0.880495822,0.88100441
Ethanol,Lactose,1.446794574,0.610391567,0.5657114,0.272096684,0.188323855,0.423256168,-0.427655921,0.943288352,0.694730015,0.374443198,-0.369994368,0.886172565,0.838472262
Ethanol,Magnesium_Chloride,0.640031195,0.634666169,0.612611834,0.284812538,0.265014471,0.423256168,-0.427655921,0.943288352,0.694730015,0.298165366,-0.294476723,0.891876536,0.933969329
Ethanol,Neomycin,3.946668272,0.77385004,0.632208359,0.342767482,0.280294116,0.423256168,-0.427655921,0.943288352,0.694730015,-0.126159039,0.12490994,1.047171316,0.923857545
Ethanol,SDS,0.794306681,0.656912949,0.628736295,0.287449461,0.251712275,0.423256168,-0.427655921,0.943288352,0.694730015,0.178585063,-0.178176402,0.846326321,1.091902525
Ethanol,Sorbitol,2.169378288,0.61205793,0.530859977,0.227668257,0.182183297,0.423256168,-0.427655921,0.943288352,0.694730015,0.359580438,-0.35599658,1.013180211,0.73469281
Ethanol,Trehalose,0.680388947,0.547644894,0.529067973,0.180423912,0.179264036,0.423256168,-0.427655921,0.943288352,0.694730015,0.392726791,-0.388830692,0.842021353,0.853898655
Ethanol,Copper,-2.876583219,0.530885925,0.621984665,0.207495937,0.259755399,0.423256168,-0.427655921,0.943288352,0.694730015,0.151089683,-0.148622913,0.575152689,1.375306582
Ethanol,Hydroxyurea,1.326335271,0.684406066,0.638685968,0.265614826,0.273803933,0.423256168,-0.427655921,0.943288352,0.694730015,0.17469902,-0.173960335,0.90174092,1.039179972
Galactose,x4.Hydroxybenzaldehyde,-3.375995667,0.585250015,0.695886656,0.203537175,0.295360112,0.009124619,-0.009086758,0.785258749,1.215761531,-0.166805855,0.163380683,0.668636471,1.27254586
Galactose,Raffinose,0.25418609,0.6710797,0.660976024,0.266708356,0.254076829,0.009124619,-0.009086758,0.785258749,1.215761531,0.171747933,-0.163641836,0.864775622,1.076735629
Galactose,Lactate,0.862666595,0.579718032,0.554193422,0.228387804,0.190554982,0.009124619,-0.009086758,0.785258749,1.215761531,0.346101579,-0.346813722,0.880495822,0.88100441
Galactose,Lactose,0.953998174,0.549888739,0.522321695,0.221300498,0.179316546,0.009124619,-0.009086758,0.785258749,1.215761531,0.374443198,-0.369994368,0.886172565,0.838472262
Galactose,Magnesium_Chloride,-0.702736882,0.613579252,0.639510534,0.298339221,0.328133124,0.009124619,-0.009086758,0.785258749,1.215761531,0.298165366,-0.294476723,0.891876536,0.933969329
Galactose,Neomycin,-2.331990174,0.692127037,0.775241627,0.275974002,0.334574829,0.009124619,-0.009086758,0.785258749,1.215761531,-0.126159039,0.12490994,1.047171316,0.923857545
Galactose,SDS,-3.03358355,0.569539772,0.674516193,0.210784823,0.302938047,0.009124619,-0.009086758,0.785258749,1.215761531,0.178585063,-0.178176402,0.846326321,1.091902525
Galactose,Sorbitol,2.866437369,0.620683701,0.508016967,0.255708374,0.18977593,0.009124619,-0.009086758,0.785258749,1.215761531,0.359580438,-0.35599658,1.013180211,0.73469281
Galactose,Trehalose,0.306560597,0.553279698,0.544054059,0.220925952,0.213304994,0.009124619,-0.009086758,0.785258749,1.215761531,0.392726791,-0.388830692,0.842021353,0.853898655
Galactose,Copper,-7.082700751,0.545102171,0.816414878,0.236690852,0.4470451,0.009124619,-0.009086758,0.785258749,1.215761531,0.151089683,-0.148622913,0.575152689,1.375306582
Galactose,Hydroxyurea,-2.063880583,0.697185939,0.775905722,0.278467606,0.377857332,0.009124619,-0.009086758,0.785258749,1.215761531,0.17469902,-0.173960335,0.90174092,1.039179972
x4.Hydroxybenzaldehyde,Raffinose,-3.764990851,0.535676703,0.670120149,0.171240994,0.251241053,-0.166805855,0.163380683,0.668636471,1.27254586,0.171747933,-0.163641836,0.864775622,1.076735629
x4.Hydroxybenzaldehyde,Lactate,-4.013949875,0.591195067,0.721345823,0.191297513,0.300782501,-0.166805855,0.163380683,0.668636471,1.27254586,0.346101579,-0.346813722,0.880495822,0.88100441
x4.Hydroxybenzaldehyde,Lactose,-0.953808229,0.640767049,0.672892225,0.238067063,0.308374837,-0.166805855,0.163380683,0.668636471,1.27254586,0.374443198,-0.369994368,0.886172565,0.838472262
x4.Hydroxybenzaldehyde,Magnesium_Chloride,-1.949182511,0.634192818,0.706746764,0.226286329,0.414915922,-0.166805855,0.163380683,0.668636471,1.27254586,0.298165366,-0.294476723,0.891876536,0.933969329
x4.Hydroxybenzaldehyde,Neomycin,-3.696021901,0.625980041,0.749052663,0.22611142,0.308015912,-0.166805855,0.163380683,0.668636471,1.27254586,-0.126159039,0.12490994,1.047171316,0.923857545
x4.Hydroxybenzaldehyde,SDS,-1.168411199,0.504777585,0.536914567,0.168624244,0.148604098,-0.166805855,0.163380683,0.668636471,1.27254586,0.178585063,-0.178176402,0.846326321,1.091902525
x4.Hydroxybenzaldehyde,Sorbitol,-2.188576822,0.571981578,0.656870233,0.188004862,0.237548838,-0.166805855,0.163380683,0.668636471,1.27254586,0.359580438,-0.35599658,1.013180211,0.73469281
x4.Hydroxybenzaldehyde,Trehalose,-2.797733306,0.574496243,0.661984538,0.208431982,0.261992731,-0.166805855,0.163380683,0.668636471,1.27254586,0.392726791,-0.388830692,0.842021353,0.853898655
x4.Hydroxybenzaldehyde,Copper,-8.42069743,0.544382803,0.860740883,0.217818076,0.447451076,-0.166805855,0.163380683,0.668636471,1.27254586,0.151089683,-0.148622913,0.575152689,1.375306582
x4.Hydroxybenzaldehyde,Hydroxyurea,-3.655833575,0.629854353,0.763981565,0.247694938,0.363266729,-0.166805855,0.163380683,0.668636471,1.27254586,0.17469902,-0.173960335,0.90174092,1.039179972
Raffinose,Lactate,-0.256514058,0.537306855,0.546036694,0.193820937,0.189213706,0.171747933,-0.163641836,0.864775622,1.076735629,0.346101579,-0.346813722,0.880495822,0.88100441
Raffinose,Lactose,0.132580745,0.55944372,0.554803663,0.222746419,0.17998998,0.171747933,-0.163641836,0.864775622,1.076735629,0.374443198,-0.369994368,0.886172565,0.838472262
Raffinose,Magnesium_Chloride,-0.772465905,0.630383174,0.663331632,0.263833807,0.332279805,0.171747933,-0.163641836,0.864775622,1.076735629,0.298165366,-0.294476723,0.891876536,0.933969329
Raffinose,Neomycin,-0.701974503,0.737794828,0.768754767,0.314938206,0.328873689,0.171747933,-0.163641836,0.864775622,1.076735629,-0.126159039,0.12490994,1.047171316,0.923857545
Raffinose,SDS,-1.778288499,0.616190045,0.693801113,0.265598733,0.276269677,0.171747933,-0.163641836,0.864775622,1.076735629,0.178585063,-0.178176402,0.846326321,1.091902525
Raffinose,Sorbitol,0.905119957,0.547406403,0.511531791,0.185649398,0.187782516,0.171747933,-0.163641836,0.864775622,1.076735629,0.359580438,-0.35599658,1.013180211,0.73469281
Raffinose,Trehalose,-1.380670741,0.526072065,0.572450472,0.189798197,0.181539133,0.171747933,-0.163641836,0.864775622,1.076735629,0.392726791,-0.388830692,0.842021353,0.853898655
Raffinose,Copper,-6.654316878,0.500042271,0.761247533,0.168845016,0.333259902,0.171747933,-0.163641836,0.864775622,1.076735629,0.151089683,-0.148622913,0.575152689,1.375306582
Raffinose,Hydroxyurea,-1.2640972,0.707873977,0.764558094,0.31262366,0.296720176,0.171747933,-0.163641836,0.864775622,1.076735629,0.17469902,-0.173960335,0.90174092,1.039179972
Lactate,Lactose,3.591069563,0.364466913,0.29450896,0.11804339,0.066156494,0.346101579,-0.346813722,0.880495822,0.88100441,0.374443198,-0.369994368,0.886172565,0.838472262
Lactate,Magnesium_Chloride,-0.151819004,0.558964777,0.563869052,0.26723854,0.219037797,0.346101579,-0.346813722,0.880495822,0.88100441,0.298165366,-0.294476723,0.891876536,0.933969329
Lactate,Neomycin,0.556933986,0.73905119,0.719184762,0.313804012,0.305238838,0.346101579,-0.346813722,0.880495822,0.88100441,-0.126159039,0.12490994,1.047171316,0.923857545
Lactate,SDS,-2.81622706,0.558653937,0.651976074,0.218972141,0.252613446,0.346101579,-0.346813722,0.880495822,0.88100441,0.178585063,-0.178176402,0.846326321,1.091902525
Lactate,Sorbitol,0.171246243,0.389565117,0.385062107,0.092817886,0.109560979,0.346101579,-0.346813722,0.880495822,0.88100441,0.359580438,-0.35599658,1.013180211,0.73469281
Lactate,Trehalose,-1.693719344,0.336027382,0.366222653,0.065554045,0.088593534,0.346101579,-0.346813722,0.880495822,0.88100441,0.392726791,-0.388830692,0.842021353,0.853898655
Lactate,Copper,-5.159072529,0.539498964,0.709248966,0.200973368,0.307429828,0.346101579,-0.346813722,0.880495822,0.88100441,0.151089683,-0.148622913,0.575152689,1.375306582
Lactate,Hydroxyurea,-1.405822924,0.694238336,0.744618901,0.283006399,0.302586415,0.346101579,-0.346813722,0.880495822,0.88100441,0.17469902,-0.173960335,0.90174092,1.039179972
Lactose,Magnesium_Chloride,0.787147722,0.57040772,0.544119261,0.297296489,0.238178249,0.374443198,-0.369994368,0.886172565,0.838472262,0.298165366,-0.294476723,0.891876536,0.933969329
Lactose,Neomycin,-0.110721037,0.703980959,0.707989988,0.353975447,0.30252729,0.374443198,-0.369994368,0.886172565,0.838472262,-0.126159039,0.12490994,1.047171316,0.923857545
Lactose,SDS,-0.999150445,0.60542038,0.639484157,0.236617472,0.269678538,0.374443198,-0.369994368,0.886172565,0.838472262,0.178585063,-0.178176402,0.846326321,1.091902525
Lactose,Sorbitol,1.755354635,0.476807415,0.416605699,0.211048811,0.139427943,0.374443198,-0.369994368,0.886172565,0.838472262,0.359580438,-0.35599658,1.013180211,0.73469281
Lactose,Trehalose,2.007809482,0.436088815,0.386653251,0.177701632,0.125333028,0.374443198,-0.369994368,0.886172565,0.838472262,0.392726791,-0.388830692,0.842021353,0.853898655
Lactose,Copper,-3.348273719,0.557338656,0.665429785,0.205702715,0.300061049,0.374443198,-0.369994368,0.886172565,0.838472262,0.151089683,-0.148622913,0.575152689,1.375306582
Lactose,Hydroxyurea,-0.314254874,0.679434077,0.691901602,0.395771781,0.345340541,0.374443198,-0.369994368,0.886172565,0.838472262,0.17469902,-0.173960335,0.90174092,1.039179972
Magnesium_Chloride,Neomycin,-1.144724058,0.676162948,0.723034574,0.433003861,0.374702602,0.298165366,-0.294476723,0.891876536,0.933969329,-0.126159039,0.12490994,1.047171316,0.923857545
Magnesium_Chloride,SDS,-2.019737799,0.630888191,0.711700463,0.305249066,0.360114956,0.298165366,-0.294476723,0.891876536,0.933969329,0.178585063,-0.178176402,0.846326321,1.091902525
Magnesium_Chloride,Sorbitol,0.779145753,0.489759378,0.465735105,0.161191416,0.122539796,0.298165366,-0.294476723,0.891876536,0.933969329,0.359580438,-0.35599658,1.013180211,0.73469281
Magnesium_Chloride,Trehalose,-0.299388115,0.581181974,0.590830015,0.230921545,0.267772393,0.298165366,-0.294476723,0.891876536,0.933969329,0.392726791,-0.388830692,0.842021353,0.853898655
Magnesium_Chloride,Copper,-3.55421876,0.548843122,0.674962401,0.226257063,0.359853683,0.298165366,-0.294476723,0.891876536,0.933969329,0.151089683,-0.148622913,0.575152689,1.375306582
Magnesium_Chloride,Hydroxyurea,-0.70718251,0.685238626,0.714562322,0.342662507,0.432978837,0.298165366,-0.294476723,0.891876536,0.933969329,0.17469902,-0.173960335,0.90174092,1.039179972
Neomycin,SDS,-1.388166633,0.722127626,0.775732647,0.319979318,0.330191673,-0.126159039,0.12490994,1.047171316,0.923857545,0.178585063,-0.178176402,0.846326321,1.091902525
Neomycin,Sorbitol,2.424151177,0.790111242,0.684022599,0.315366412,0.257082667,-0.126159039,0.12490994,1.047171316,0.923857545,0.359580438,-0.35599658,1.013180211,0.73469281
Neomycin,Trehalose,0.689933145,0.743895561,0.719630769,0.288289012,0.330983709,-0.126159039,0.12490994,1.047171316,0.923857545,0.392726791,-0.388830692,0.842021353,0.853898655
Neomycin,Copper,-5.501786745,0.564367553,0.756776775,0.255414198,0.338409267,-0.126159039,0.12490994,1.047171316,0.923857545,0.151089683,-0.148622913,0.575152689,1.375306582
Neomycin,Hydroxyurea,-0.281082477,0.747190647,0.757819361,0.332442629,0.341037232,-0.126159039,0.12490994,1.047171316,0.923857545,0.17469902,-0.173960335,0.90174092,1.039179972
SDS,Sorbitol,0.749933878,0.628528858,0.595824947,0.251384378,0.2136687,0.178585063,-0.178176402,0.846326321,1.091902525,0.359580438,-0.35599658,1.013180211,0.73469281
SDS,Trehalose,-2.605320704,0.547519951,0.626413971,0.183542404,0.215844396,0.178585063,-0.178176402,0.846326321,1.091902525,0.392726791,-0.388830692,0.842021353,0.853898655
SDS,Copper,-6.927660299,0.545602305,0.803875796,0.219812131,0.364290513,0.178585063,-0.178176402,0.846326321,1.091902525,0.151089683,-0.148622913,0.575152689,1.375306582
SDS,Hydroxyurea,-2.123147496,0.695228792,0.782373912,0.288763863,0.397176383,0.178585063,-0.178176402,0.846326321,1.091902525,0.17469902,-0.173960335,0.90174092,1.039179972
Sorbitol,Trehalose,-1.248716931,0.26158116,0.287483119,0.05483791,0.074120162,0.359580438,-0.35599658,1.013180211,0.73469281,0.392726791,-0.388830692,0.842021353,0.853898655
Sorbitol,Copper,-3.144212372,0.547252547,0.674882582,0.227085976,0.240119771,0.359580438,-0.35599658,1.013180211,0.73469281,0.151089683,-0.148622913,0.575152689,1.375306582
Sorbitol,Hydroxyurea,2.181476744,0.756685594,0.656076169,0.344805169,0.233332736,0.359580438,-0.35599658,1.013180211,0.73469281,0.17469902,-0.173960335,0.90174092,1.039179972
Trehalose,Copper,-4.677010278,0.560288131,0.716261925,0.210578931,0.328644691,0.392726791,-0.388830692,0.842021353,0.853898655,0.151089683,-0.148622913,0.575152689,1.375306582
Trehalose,Hydroxyurea,-0.845877076,0.67097058,0.699872511,0.251339693,0.298721711,0.392726791,-0.388830692,0.842021353,0.853898655,0.17469902,-0.173960335,0.90174092,1.039179972
Copper,Hydroxyurea,-5.378174807,0.564099423,0.760102363,0.260447786,0.34498172,0.151089683,-0.148622913,0.575152689,1.375306582,0.17469902,-0.173960335,0.90174092,1.039179972
x6.Azauracil,Indoleacetic_Acid,-1.540399209,0.636903047,0.692948832,0.331732221,0.325163569,0.325355154,-0.31073959,0.802065754,0.992935585,0.342920465,-0.329393031,0.79919412,0.972952134
Indoleacetic_Acid,Ethanol,-1.790705062,0.512758794,0.5682532,0.246127301,0.214846696,0.270208876,-0.275700926,0.612613531,1.246498502,0.540942583,-0.560302633,0.854704271,0.534284115
Indoleacetic_Acid,Hydrogen_Peroxide,-4.870087337,0.570491106,0.777493912,0.285439094,0.399436147,0.270208876,-0.275700926,0.612613531,1.246498502,0.226742446,-0.2369941,0.843642147,1.055916843
Indoleacetic_Acid,x4NQO,-8.38118909,0.554578423,0.855776676,0.303824716,0.337644415,0.270208876,-0.275700926,0.612613531,1.246498502,0.325695078,-0.330263947,0.723842914,1.064972208
Indoleacetic_Acid,Xylose,-3.333761008,0.546235971,0.657964206,0.280959893,0.276701511,0.270208876,-0.275700926,0.612613531,1.246498502,0.44384487,-0.453688204,0.883447971,0.713139481
Indoleacetic_Acid,Calcium_Chloride,-5.00663264,0.553694779,0.737551806,0.299771576,0.335428933,0.270208876,-0.275700926,0.612613531,1.246498502,0.166607105,-0.174883484,0.959137036,0.98521144
Indoleacetic_Acid,Raffinose,-5.371219775,0.544040129,0.766931009,0.273532553,0.291015006,0.270208876,-0.275700926,0.612613531,1.246498502,0.320395476,-0.338305782,0.908597739,0.876106228
Ethanol,Hydrogen_Peroxide,2.208917103,0.662513303,0.579077519,0.33653964,0.212515739,0.540942583,-0.560302633,0.854704271,0.534284115,0.226742446,-0.2369941,0.843642147,1.055916843
Ethanol,x4NQO,1.596448945,0.620059325,0.567907343,0.305796417,0.211071823,0.540942583,-0.560302633,0.854704271,0.534284115,0.325695078,-0.330263947,0.723842914,1.064972208
Ethanol,Xylose,1.279172766,0.521585726,0.488545807,0.177900772,0.144180114,0.540942583,-0.560302633,0.854704271,0.534284115,0.44384487,-0.453688204,0.883447971,0.713139481
Ethanol,Calcium_Chloride,2.467693647,0.626807072,0.551591448,0.244561246,0.196677012,0.540942583,-0.560302633,0.854704271,0.534284115,0.166607105,-0.174883484,0.959137036,0.98521144
Ethanol,Raffinose,3.452637121,0.606070001,0.49396315,0.208037443,0.141132261,0.540942583,-0.560302633,0.854704271,0.534284115,0.320395476,-0.338305782,0.908597739,0.876106228
Hydrogen_Peroxide,x4NQO,-3.479841923,0.605078624,0.748715174,0.279623374,0.373089718,0.226742446,-0.2369941,0.843642147,1.055916843,0.325695078,-0.330263947,0.723842914,1.064972208
Hydrogen_Peroxide,Xylose,-0.357215561,0.62833485,0.642054984,0.282585525,0.282121605,0.226742446,-0.2369941,0.843642147,1.055916843,0.44384487,-0.453688204,0.883447971,0.713139481
Hydrogen_Peroxide,Calcium_Chloride,-2.050513876,0.659774122,0.742403652,0.277361676,0.339944274,0.226742446,-0.2369941,0.843642147,1.055916843,0.166607105,-0.174883484,0.959137036,0.98521144
Hydrogen_Peroxide,Raffinose,-2.166515279,0.607306628,0.68415785,0.184260402,0.226113381,0.226742446,-0.2369941,0.843642147,1.055916843,0.320395476,-0.338305782,0.908597739,0.876106228
x4NQO,Xylose,-1.09128064,0.606852927,0.642728974,0.267278554,0.273550414,0.325695078,-0.330263947,0.723842914,1.064972208,0.44384487,-0.453688204,0.883447971,0.713139481
x4NQO,Calcium_Chloride,-3.55250439,0.627828291,0.764152326,0.317693732,0.379140549,0.325695078,-0.330263947,0.723842914,1.064972208,0.166607105,-0.174883484,0.959137036,0.98521144
x4NQO,Raffinose,-2.332380535,0.627507865,0.725424841,0.269071,0.312683308,0.325695078,-0.330263947,0.723842914,1.064972208,0.320395476,-0.338305782,0.908597739,0.876106228
Xylose,Calcium_Chloride,-0.865470032,0.573803355,0.600498876,0.214084076,0.236555382,0.44384487,-0.453688204,0.883447971,0.713139481,0.166607105,-0.174883484,0.959137036,0.98521144
Xylose,Raffinose,0.576493169,0.560247961,0.540673761,0.188838064,0.191785389,0.44384487,-0.453688204,0.883447971,0.713139481,0.320395476,-0.338305782,0.908597739,0.876106228
Calcium_Chloride,Raffinose,-0.357658558,0.618249514,0.631638614,0.217343325,0.241606603,0.166607105,-0.174883484,0.959137036,0.98521144,0.320395476,-0.338305782,0.908597739,0.876106228
x5.Fluorouracil,Formamide,-2.062723124,0.5912907,0.654078301,0.20913127,0.248373361,0.507855969,-0.497719123,0.822918139,0.674045282,0.158130785,-0.154686352,0.600404594,1.344373654
x5.Fluorouracil,Lithium_Chloride,2.70831113,0.71630927,0.628447506,0.290971562,0.228858141,0.507855969,-0.497719123,0.822918139,0.674045282,-0.001480286,0.001445249,1.145231397,0.860184874
x5.Fluorouracil,Trehalose,3.290925657,0.67357134,0.576189025,0.244319097,0.188642945,0.507855969,-0.497719123,0.822918139,0.674045282,0.282920329,-0.277888149,1.076228692,0.77095941
x5.Fluorouracil,x5.Fluorocytosine,3.140042878,0.474794838,0.401945511,0.142748092,0.113275852,0.507855969,-0.497719123,0.822918139,0.674045282,0.242012979,-0.236512684,1.226123577,0.667684918
Formamide,Lithium_Chloride,-4.028100185,0.604587549,0.736384645,0.231515225,0.301800472,0.158130785,-0.154686352,0.600404594,1.344373654,-0.001480286,0.001445249,1.145231397,0.860184874
Formamide,Trehalose,-2.791202415,0.594733878,0.684089361,0.218106555,0.292835398,0.158130785,-0.154686352,0.600404594,1.344373654,0.282920329,-0.277888149,1.076228692,0.77095941
Formamide,x5.Fluorocytosine,-0.34302714,0.607508014,0.618882939,0.239343809,0.283897317,0.158130785,-0.154686352,0.600404594,1.344373654,0.242012979,-0.236512684,1.226123577,0.667684918
Lithium_Chloride,Trehalose,4.564771881,0.799602484,0.648208991,0.328384767,0.220023632,-0.001480286,0.001445249,1.145231397,0.860184874,0.282920329,-0.277888149,1.076228692,0.77095941
Lithium_Chloride,x5.Fluorocytosine,6.883935828,0.875885956,0.619695045,0.382346249,0.277129398,-0.001480286,0.001445249,1.145231397,0.860184874,0.242012979,-0.236512684,1.226123577,0.667684918
Trehalose,x5.Fluorocytosine,6.638264835,0.829158574,0.595930323,0.380182487,0.207560623,0.282920329,-0.277888149,1.076228692,0.77095941,0.242012979,-0.236512684,1.226123577,0.667684918
Lithium_Chloride,x6.Azauracil,1.822480788,0.652207865,0.595901194,0.288945806,0.18812571,-0.297882903,0.305104306,1.066205863,0.749863778,-0.297851175,0.30447009,0.866181589,0.955062422
Lithium_Chloride,Copper,0.906825021,0.636335148,0.607853186,0.253417708,0.224293518,-0.297882903,0.305104306,1.066205863,0.749863778,-0.156259245,0.158852759,0.922433242,1.030775373
Lithium_Chloride,Lithium_Chloride,NaN,0,0,0,0,-0.297882903,0.305104306,1.066205863,0.749863778,-0.297882903,0.305104306,1.066205863,0.749863778
Lithium_Chloride,Mannose,1.572759523,0.725854107,0.671932365,0.301991822,0.258652236,-0.297882903,0.305104306,1.066205863,0.749863778,-0.326070942,0.335051709,0.954258786,0.82714628
Lithium_Chloride,Magnesium_Sulfate,9.440696261,0.805739724,0.465204615,0.363217577,0.289431297,-0.297882903,0.305104306,1.066205863,0.749863778,0.235918913,-0.240656241,1.358058823,0.521827295
Lithium_Chloride,Congo_red,3.205982055,0.788177893,0.682425417,0.285057899,0.245856312,-0.297882903,0.305104306,1.066205863,0.749863778,0.225771872,-0.231848547,0.976840708,0.919539858
Lithium_Chloride,Zeocin,6.820993777,0.868339098,0.650694845,0.222002841,0.263155814,-0.297882903,0.305104306,1.066205863,0.749863778,0.230945394,-0.235330433,0.976029481,0.916579905
Lithium_Chloride,Magnesium_Chloride,1.606560287,0.760768839,0.703679889,0.372430734,0.23504439,-0.297882903,0.305104306,1.066205863,0.749863778,-0.306398591,0.311526601,1.036096934,0.772490404
x6.Azauracil,Copper,-1.084830267,0.673000808,0.714418958,0.334524806,0.369094212,-0.297851175,0.30447009,0.866181589,0.955062422,-0.156259245,0.158852759,0.922433242,1.030775373
x6.Azauracil,Lithium_Chloride,1.822480788,0.652207865,0.595901194,0.288945806,0.18812571,-0.297851175,0.30447009,0.866181589,0.955062422,-0.297882903,0.305104306,1.066205863,0.749863778
x6.Azauracil,Mannose,-0.874060042,0.63976778,0.670805806,0.290917051,0.309570177,-0.297851175,0.30447009,0.866181589,0.955062422,-0.326070942,0.335051709,0.954258786,0.82714628
x6.Azauracil,Magnesium_Sulfate,7.730422742,0.73546476,0.464603181,0.322410491,0.292304433,-0.297851175,0.30447009,0.866181589,0.955062422,0.235918913,-0.240656241,1.358058823,0.521827295
x6.Azauracil,Congo_red,-1.876756985,0.724779332,0.790197812,0.319762691,0.273646348,-0.297851175,0.30447009,0.866181589,0.955062422,0.225771872,-0.231848547,0.976840708,0.919539858
x6.Azauracil,Zeocin,-2.658719646,0.671668589,0.763831619,0.26412624,0.308634619,-0.297851175,0.30447009,0.866181589,0.955062422,0.230945394,-0.235330433,0.976029481,0.916579905
x6.Azauracil,Magnesium_Chloride,1.271993195,0.662837548,0.617390864,0.336648985,0.277231712,-0.297851175,0.30447009,0.866181589,0.955062422,-0.306398591,0.311526601,1.036096934,0.772490404
Copper,Lithium_Chloride,0.906825021,0.636335148,0.607853186,0.253417708,0.224293518,-0.156259245,0.158852759,0.922433242,1.030775373,-0.297882903,0.305104306,1.066205863,0.749863778
Copper,Mannose,-1.117358635,0.640136279,0.680880546,0.299933884,0.313402976,-0.156259245,0.158852759,0.922433242,1.030775373,-0.326070942,0.335051709,0.954258786,0.82714628
Copper,Magnesium_Sulfate,6.794077281,0.71156437,0.457630006,0.406899026,0.272509324,-0.156259245,0.158852759,0.922433242,1.030775373,0.235918913,-0.240656241,1.358058823,0.521827295
Copper,Congo_red,-0.676303933,0.683858955,0.707725398,0.311448464,0.2773375,-0.156259245,0.158852759,0.922433242,1.030775373,0.225771872,-0.231848547,0.976840708,0.919539858
Copper,Zeocin,-2.709606259,0.690846305,0.791252928,0.35327089,0.281073358,-0.156259245,0.158852759,0.922433242,1.030775373,0.230945394,-0.235330433,0.976029481,0.916579905
Copper,Magnesium_Chloride,-0.460852552,0.633200297,0.650219788,0.340104527,0.293721014,-0.156259245,0.158852759,0.922433242,1.030775373,-0.306398591,0.311526601,1.036096934,0.772490404
Lithium_Chloride,Mannose,1.572759523,0.725854107,0.671932365,0.301991822,0.258652236,-0.297882903,0.305104306,1.066205863,0.749863778,-0.326070942,0.335051709,0.954258786,0.82714628
Lithium_Chloride,Magnesium_Sulfate,9.440696261,0.805739724,0.465204615,0.363217577,0.289431297,-0.297882903,0.305104306,1.066205863,0.749863778,0.235918913,-0.240656241,1.358058823,0.521827295
Lithium_Chloride,Congo_red,3.205982055,0.788177893,0.682425417,0.285057899,0.245856312,-0.297882903,0.305104306,1.066205863,0.749863778,0.225771872,-0.231848547,0.976840708,0.919539858
Lithium_Chloride,Zeocin,6.820993777,0.868339098,0.650694845,0.222002841,0.263155814,-0.297882903,0.305104306,1.066205863,0.749863778,0.230945394,-0.235330433,0.976029481,0.916579905
Lithium_Chloride,Magnesium_Chloride,1.606560287,0.760768839,0.703679889,0.372430734,0.23504439,-0.297882903,0.305104306,1.066205863,0.749863778,-0.306398591,0.311526601,1.036096934,0.772490404
Mannose,Magnesium_Sulfate,7.972313079,0.766441786,0.467326942,0.363849473,0.309675716,-0.326070942,0.335051709,0.954258786,0.82714628,0.235918913,-0.240656241,1.358058823,0.521827295
Mannose,Congo_red,1.267262662,0.749422317,0.701710522,0.345404044,0.330100735,-0.326070942,0.335051709,0.954258786,0.82714628,0.225771872,-0.231848547,0.976840708,0.919539858
Mannose,Zeocin,1.468434882,0.748189795,0.693681444,0.335836944,0.318092921,-0.326070942,0.335051709,0.954258786,0.82714628,0.230945394,-0.235330433,0.976029481,0.916579905
Mannose,Magnesium_Chloride,0.705861994,0.66056567,0.636664074,0.302847319,0.223389994,-0.326070942,0.335051709,0.954258786,0.82714628,-0.306398591,0.311526601,1.036096934,0.772490404
Magnesium_Sulfate,Congo_red,10.73142645,0.828163037,0.466082787,0.264006377,0.29276019,0.235918913,-0.240656241,1.358058823,0.521827295,0.225771872,-0.231848547,0.976840708,0.919539858
Magnesium_Sulfate,Zeocin,11.46574555,0.855442178,0.470902402,0.229620728,0.307816348,0.235918913,-0.240656241,1.358058823,0.521827295,0.230945394,-0.235330433,0.976029481,0.916579905
Magnesium_Sulfate,Magnesium_Chloride,5.928181901,0.703848953,0.466681325,0.492582715,0.280585956,0.235918913,-0.240656241,1.358058823,0.521827295,-0.306398591,0.311526601,1.036096934,0.772490404
Congo_red,Zeocin,-0.570160528,0.610772569,0.629357771,0.233350106,0.273004269,0.225771872,-0.231848547,0.976840708,0.919539858,0.230945394,-0.235330433,0.976029481,0.916579905
Congo_red,Magnesium_Chloride,3.330748338,0.803094406,0.683180718,0.301659707,0.30611611,0.225771872,-0.231848547,0.976840708,0.919539858,-0.306398591,0.311526601,1.036096934,0.772490404
Zeocin,Magnesium_Chloride,2.227930109,0.765675856,0.684430408,0.297276954,0.311611882,0.230945394,-0.235330433,0.976029481,0.916579905,-0.306398591,0.311526601,1.036096934,0.772490404
Formamide,x4NQO,-1.799294601,0.645242967,0.711362792,0.32738932,0.345983396,0.179183197,-0.1846461,0.991304676,0.943681142,0.136952514,-0.140541995,0.851244326,1.115604172
Formamide,Hydrogen_Peroxide,-1.204460187,0.638175048,0.685897193,0.257059236,0.341150388,0.179183197,-0.1846461,0.991304676,0.943681142,0.306613946,-0.313875855,0.734610877,1.079059125
Formamide,Sorbitol,-1.388255951,0.661399064,0.724785495,0.245321675,0.372330727,0.179183197,-0.1846461,0.991304676,0.943681142,-0.403678354,0.418781966,0.680628628,0.989167308
Formamide,Lactate,1.25017319,0.697125134,0.654509295,0.31193528,0.250339728,0.179183197,-0.1846461,0.991304676,0.943681142,-0.456263347,0.470551343,0.878964458,0.689899509
Formamide,Calcium_Chloride,-0.834116946,0.71942674,0.750933365,0.300545243,0.373496684,0.179183197,-0.1846461,0.991304676,0.943681142,-0.26030415,0.268665097,0.902907794,0.959942871
Formamide,Galactose,0.324759513,0.724605421,0.712423758,0.322938379,0.34939904,0.179183197,-0.1846461,0.991304676,0.943681142,-0.279630919,0.289089893,0.851404898,0.990991101
Formamide,Raffinose,0.739063023,0.717278979,0.687456066,0.278338162,0.259862187,0.179183197,-0.1846461,0.991304676,0.943681142,-0.455495024,0.483874777,0.794900475,0.765085463
Formamide,x5.Fluorouracil,0.1756782,0.740280426,0.734023802,0.324014942,0.302111661,0.179183197,-0.1846461,0.991304676,0.943681142,-0.197236776,0.202883637,0.871759553,1.052624424
Formamide,Hydrogen_Peroxide,-1.204460187,0.638175048,0.685897193,0.257059236,0.341150388,0.179183197,-0.1846461,0.991304676,0.943681142,0.306613946,-0.313875855,0.734610877,1.079059125
Formamide,Lactose,-1.113029218,0.640767071,0.679332101,0.24664151,0.349657947,0.179183197,-0.1846461,0.991304676,0.943681142,-0.492516157,0.502425939,0.68594407,0.821511283
Formamide,Mannose,2.157607001,0.751385177,0.670451903,0.357791124,0.312486085,0.179183197,-0.1846461,0.991304676,0.943681142,-0.346830993,0.356383542,0.976998384,0.774613446
Formamide,Cobalt_Chloride,-0.7088749,0.71066407,0.736099648,0.241877703,0.398723794,0.179183197,-0.1846461,0.991304676,0.943681142,-0.099533472,0.101732002,0.771142523,1.215418469
Formamide,Ethanol,-0.421478164,0.733336855,0.748298856,0.309158009,0.296369974,0.179183197,-0.1846461,0.991304676,0.943681142,-0.220132365,0.228010787,0.870544224,1.033811364
Formamide,Xylose,-0.090497336,0.693881685,0.696937156,0.267789351,0.300375675,0.179183197,-0.1846461,0.991304676,0.943681142,-0.354762903,0.364079908,0.75089661,0.995437019
x4NQO,Hydrogen_Peroxide,-2.584267267,0.637644375,0.738858298,0.272496805,0.316701317,0.136952514,-0.140541995,0.851244326,1.115604172,0.306613946,-0.313875855,0.734610877,1.079059125
x4NQO,Sorbitol,-2.524293556,0.657130657,0.773552372,0.242589239,0.390196071,0.136952514,-0.140541995,0.851244326,1.115604172,-0.403678354,0.418781966,0.680628628,0.989167308
x4NQO,Lactate,1.641868206,0.714983275,0.658169683,0.326583138,0.255800435,0.136952514,-0.140541995,0.851244326,1.115604172,-0.456263347,0.470551343,0.878964458,0.689899509
x4NQO,Calcium_Chloride,-1.328044792,0.724840734,0.77490955,0.326630787,0.347317012,0.136952514,-0.140541995,0.851244326,1.115604172,-0.26030415,0.268665097,0.902907794,0.959942871
x4NQO,Galactose,-1.457523959,0.717545764,0.774051917,0.333752992,0.387267659,0.136952514,-0.140541995,0.851244326,1.115604172,-0.279630919,0.289089893,0.851404898,0.990991101
x4NQO,Raffinose,-0.838634494,0.673055317,0.70620219,0.252810963,0.263486387,0.136952514,-0.140541995,0.851244326,1.115604172,-0.455495024,0.483874777,0.794900475,0.765085463
x4NQO,x5.Fluorouracil,-1.925658856,0.653448296,0.716832014,0.266003879,0.270637438,0.136952514,-0.140541995,0.851244326,1.115604172,-0.197236776,0.202883637,0.871759553,1.052624424
x4NQO,Hydrogen_Peroxide,-2.584267267,0.637644375,0.738858298,0.272496805,0.316701317,0.136952514,-0.140541995,0.851244326,1.115604172,0.306613946,-0.313875855,0.734610877,1.079059125
x4NQO,Lactose,-0.478560763,0.658641839,0.675447813,0.251200741,0.3652065,0.136952514,-0.140541995,0.851244326,1.115604172,-0.492516157,0.502425939,0.68594407,0.821511283
x4NQO,Mannose,0.58119996,0.699878314,0.678324358,0.341026289,0.315919924,0.136952514,-0.140541995,0.851244326,1.115604172,-0.346830993,0.356383542,0.976998384,0.774613446
x4NQO,Cobalt_Chloride,-3.076661857,0.72475174,0.836043942,0.24434422,0.410906729,0.136952514,-0.140541995,0.851244326,1.115604172,-0.099533472,0.101732002,0.771142523,1.215418469
x4NQO,Ethanol,-2.123555635,0.677226783,0.749742675,0.260837646,0.301440796,0.136952514,-0.140541995,0.851244326,1.115604172,-0.220132365,0.228010787,0.870544224,1.033811364
x4NQO,Xylose,-2.321478851,0.680369618,0.762369554,0.277147053,0.346134662,0.136952514,-0.140541995,0.851244326,1.115604172,-0.354762903,0.364079908,0.75089661,0.995437019
Hydrogen_Peroxide,Sorbitol,-2.633437062,0.656287958,0.776051814,0.250028346,0.347494486,0.306613946,-0.313875855,0.734610877,1.079059125,-0.403678354,0.418781966,0.680628628,0.989167308
Hydrogen_Peroxide,Lactate,-0.133746677,0.652336185,0.657323799,0.28408133,0.249506205,0.306613946,-0.313875855,0.734610877,1.079059125,-0.456263347,0.470551343,0.878964458,0.689899509
Hydrogen_Peroxide,Calcium_Chloride,-1.921380803,0.668302392,0.74716607,0.284180266,0.357584295,0.306613946,-0.313875855,0.734610877,1.079059125,-0.26030415,0.268665097,0.902907794,0.959942871
Hydrogen_Peroxide,Galactose,-3.490235114,0.658987432,0.803589225,0.27170676,0.382425922,0.306613946,-0.313875855,0.734610877,1.079059125,-0.279630919,0.289089893,0.851404898,0.990991101
Hydrogen_Peroxide,Raffinose,-1.269015501,0.651456346,0.700843182,0.255842323,0.239495899,0.306613946,-0.313875855,0.734610877,1.079059125,-0.455495024,0.483874777,0.794900475,0.765085463
Hydrogen_Peroxide,x5.Fluorouracil,-2.901196618,0.667688767,0.784512425,0.286089255,0.331712898,0.306613946,-0.313875855,0.734610877,1.079059125,-0.197236776,0.202883637,0.871759553,1.052624424
Hydrogen_Peroxide,Hydrogen_Peroxide,NaN,0,0,0,0,0.306613946,-0.313875855,0.734610877,1.079059125,0.306613946,-0.313875855,0.734610877,1.079059125
Hydrogen_Peroxide,Lactose,-1.220923113,0.604185632,0.651076778,0.254467826,0.310651787,0.306613946,-0.313875855,0.734610877,1.079059125,-0.492516157,0.502425939,0.68594407,0.821511283
Hydrogen_Peroxide,Mannose,-1.239085856,0.656309434,0.706303499,0.263043872,0.323684045,0.306613946,-0.313875855,0.734610877,1.079059125,-0.346830993,0.356383542,0.976998384,0.774613446
Hydrogen_Peroxide,Cobalt_Chloride,-2.75136128,0.661271106,0.769535602,0.248275601,0.345852038,0.306613946,-0.313875855,0.734610877,1.079059125,-0.099533472,0.101732002,0.771142523,1.215418469
Hydrogen_Peroxide,Ethanol,-3.011409911,0.653458925,0.767443856,0.240844422,0.306923348,0.306613946,-0.313875855,0.734610877,1.079059125,-0.220132365,0.228010787,0.870544224,1.033811364
Hydrogen_Peroxide,Xylose,-2.325275673,0.684985037,0.774481442,0.238459552,0.327642542,0.306613946,-0.313875855,0.734610877,1.079059125,-0.354762903,0.364079908,0.75089661,0.995437019
Sorbitol,Lactate,-1.572291517,0.360031721,0.401081784,0.106302351,0.093255142,-0.403678354,0.418781966,0.680628628,0.989167308,-0.456263347,0.470551343,0.878964458,0.689899509
Sorbitol,Calcium_Chloride,0.263453665,0.601443843,0.591147444,0.228477064,0.216092321,-0.403678354,0.418781966,0.680628628,0.989167308,-0.26030415,0.268665097,0.902907794,0.959942871
Sorbitol,Galactose,-4.631153407,0.51648955,0.709246828,0.192810965,0.305295815,-0.403678354,0.418781966,0.680628628,0.989167308,-0.279630919,0.289089893,0.851404898,0.990991101
Sorbitol,Raffinose,0.698596507,0.552206795,0.52417587,0.181769526,0.199966058,-0.403678354,0.418781966,0.680628628,0.989167308,-0.455495024,0.483874777,0.794900475,0.765085463
Sorbitol,x5.Fluorouracil,-1.135022071,0.599494583,0.643534411,0.185020783,0.259199903,-0.403678354,0.418781966,0.680628628,0.989167308,-0.197236776,0.202883637,0.871759553,1.052624424
Sorbitol,Hydrogen_Peroxide,-2.633437062,0.656287958,0.776051814,0.250028346,0.347494486,-0.403678354,0.418781966,0.680628628,0.989167308,0.306613946,-0.313875855,0.734610877,1.079059125
Sorbitol,Lactose,-3.82579969,0.374272065,0.504771184,0.092053928,0.252752749,-0.403678354,0.418781966,0.680628628,0.989167308,-0.492516157,0.502425939,0.68594407,0.821511283
Sorbitol,Mannose,-0.194823285,0.626492104,0.634999601,0.221105294,0.30428219,-0.403678354,0.418781966,0.680628628,0.989167308,-0.346830993,0.356383542,0.976998384,0.774613446
Sorbitol,Cobalt_Chloride,-2.142001445,0.632225827,0.724814402,0.208086783,0.348734444,-0.403678354,0.418781966,0.680628628,0.989167308,-0.099533472,0.101732002,0.771142523,1.215418469
Sorbitol,Ethanol,-1.273518215,0.532826703,0.579689132,0.171963717,0.223000372,-0.403678354,0.418781966,0.680628628,0.989167308,-0.220132365,0.228010787,0.870544224,1.033811364
Sorbitol,Xylose,-1.590688106,0.336009598,0.37735978,0.085383718,0.116094877,-0.403678354,0.418781966,0.680628628,0.989167308,-0.354762903,0.364079908,0.75089661,0.995437019
Lactate,Calcium_Chloride,2.258515162,0.620032671,0.553026016,0.249443602,0.165924698,-0.456263347,0.470551343,0.878964458,0.689899509,-0.26030415,0.268665097,0.902907794,0.959942871
Lactate,Galactose,-2.200061478,0.55814918,0.623805196,0.203416299,0.222331419,-0.456263347,0.470551343,0.878964458,0.689899509,-0.279630919,0.289089893,0.851404898,0.990991101
Lactate,Raffinose,1.987926723,0.58857049,0.5212177,0.20091897,0.179346457,-0.456263347,0.470551343,0.878964458,0.689899509,-0.455495024,0.483874777,0.794900475,0.765085463
Lactate,x5.Fluorouracil,1.736179246,0.631098986,0.579458154,0.241213234,0.185619753,-0.456263347,0.470551343,0.878964458,0.689899509,-0.197236776,0.202883637,0.871759553,1.052624424
Lactate,Hydrogen_Peroxide,-0.133746677,0.652336185,0.657323799,0.28408133,0.249506205,-0.456263347,0.470551343,0.878964458,0.689899509,0.306613946,-0.313875855,0.734610877,1.079059125
Lactate,Lactose,-5.711939412,0.278091424,0.384978292,0.045093306,0.123830612,-0.456263347,0.470551343,0.878964458,0.689899509,-0.492516157,0.502425939,0.68594407,0.821511283
Lactate,Mannose,1.915886122,0.621321923,0.564321749,0.21684117,0.192395149,-0.456263347,0.470551343,0.878964458,0.689899509,-0.346830993,0.356383542,0.976998384,0.774613446
Lactate,Cobalt_Chloride,0.226972337,0.636556517,0.629769856,0.224924221,0.210160033,-0.456263347,0.470551343,0.878964458,0.689899509,-0.099533472,0.101732002,0.771142523,1.215418469
Lactate,Ethanol,1.882150675,0.564038384,0.513541674,0.199425299,0.145141002,-0.456263347,0.470551343,0.878964458,0.689899509,-0.220132365,0.228010787,0.870544224,1.033811364
Lactate,Xylose,1.688692518,0.404272818,0.369545936,0.109820081,0.095463997,-0.456263347,0.470551343,0.878964458,0.689899509,-0.354762903,0.364079908,0.75089661,0.995437019
Calcium_Chloride,Galactose,-2.116118817,0.620381343,0.692452544,0.240534008,0.302762619,-0.26030415,0.268665097,0.902907794,0.959942871,-0.279630919,0.289089893,0.851404898,0.990991101
Calcium_Chloride,Raffinose,0.765239545,0.636794234,0.6080605,0.209489219,0.252045934,-0.26030415,0.268665097,0.902907794,0.959942871,-0.455495024,0.483874777,0.794900475,0.765085463
Calcium_Chloride,x5.Fluorouracil,-0.05286671,0.694299492,0.69615972,0.315634961,0.268681977,-0.26030415,0.268665097,0.902907794,0.959942871,-0.197236776,0.202883637,0.871759553,1.052624424
Calcium_Chloride,Hydrogen_Peroxide,-1.921380803,0.668302392,0.74716607,0.284180266,0.357584295,-0.26030415,0.268665097,0.902907794,0.959942871,0.306613946,-0.313875855,0.734610877,1.079059125
Calcium_Chloride,Lactose,0.741829833,0.598563326,0.57508206,0.216925312,0.256847869,-0.26030415,0.268665097,0.902907794,0.959942871,-0.492516157,0.502425939,0.68594407,0.821511283
Calcium_Chloride,Mannose,-1.069747139,0.644355537,0.682572012,0.258737189,0.315831012,-0.26030415,0.268665097,0.902907794,0.959942871,-0.346830993,0.356383542,0.976998384,0.774613446
Calcium_Chloride,Cobalt_Chloride,-0.806348328,0.709706134,0.737543824,0.261632223,0.303103054,-0.26030415,0.268665097,0.902907794,0.959942871,-0.099533472,0.101732002,0.771142523,1.215418469
Calcium_Chloride,Ethanol,-0.862500907,0.643743708,0.673025454,0.261939701,0.283862277,-0.26030415,0.268665097,0.902907794,0.959942871,-0.220132365,0.228010787,0.870544224,1.033811364
Calcium_Chloride,Xylose,0.29745939,0.615148734,0.605654964,0.223441305,0.25921852,-0.26030415,0.268665097,0.902907794,0.959942871,-0.354762903,0.364079908,0.75089661,0.995437019
Galactose,Raffinose,-1.318343152,0.630842259,0.681546685,0.235359715,0.251837591,-0.279630919,0.289089893,0.851404898,0.990991101,-0.455495024,0.483874777,0.794900475,0.765085463
Galactose,x5.Fluorouracil,-3.658738299,0.637857759,0.770517212,0.253043583,0.370294313,-0.279630919,0.289089893,0.851404898,0.990991101,-0.197236776,0.202883637,0.871759553,1.052624424
Galactose,Hydrogen_Peroxide,-3.490235114,0.658987432,0.803589225,0.27170676,0.382425922,-0.279630919,0.289089893,0.851404898,0.990991101,0.306613946,-0.313875855,0.734610877,1.079059125
Galactose,Lactose,-4.662183837,0.488680836,0.630465216,0.145278391,0.296358777,-0.279630919,0.289089893,0.851404898,0.990991101,-0.492516157,0.502425939,0.68594407,0.821511283
Galactose,Mannose,-2.072598822,0.549861593,0.613713718,0.188455739,0.243638905,-0.279630919,0.289089893,0.851404898,0.990991101,-0.346830993,0.356383542,0.976998384,0.774613446
Galactose,Cobalt_Chloride,-2.74997006,0.67929175,0.779695308,0.257264733,0.381679526,-0.279630919,0.289089893,0.851404898,0.990991101,-0.099533472,0.101732002,0.771142523,1.215418469
Galactose,Ethanol,-3.67923397,0.629876506,0.765416082,0.252100364,0.386683956,-0.279630919,0.289089893,0.851404898,0.990991101,-0.220132365,0.228010787,0.870544224,1.033811364
Galactose,Xylose,-4.539347489,0.532003831,0.666550006,0.169958387,0.250615634,-0.279630919,0.289089893,0.851404898,0.990991101,-0.354762903,0.364079908,0.75089661,0.995437019
Raffinose,x5.Fluorouracil,-1.95691028,0.563956949,0.632890292,0.197218471,0.209039349,-0.455495024,0.483874777,0.794900475,0.765085463,-0.197236776,0.202883637,0.871759553,1.052624424
Raffinose,Hydrogen_Peroxide,-1.269015501,0.651456346,0.700843182,0.255842323,0.239495899,-0.455495024,0.483874777,0.794900475,0.765085463,0.306613946,-0.313875855,0.734610877,1.079059125
Raffinose,Lactose,-0.438874515,0.557762257,0.573467555,0.190384934,0.230794824,-0.455495024,0.483874777,0.794900475,0.765085463,-0.492516157,0.502425939,0.68594407,0.821511283
Raffinose,Mannose,-1.200823457,0.586090127,0.634352851,0.241624695,0.2558002,-0.455495024,0.483874777,0.794900475,0.765085463,-0.346830993,0.356383542,0.976998384,0.774613446
Raffinose,Cobalt_Chloride,-0.781231435,0.660242389,0.69137681,0.270467813,0.255227552,-0.455495024,0.483874777,0.794900475,0.765085463,-0.099533472,0.101732002,0.771142523,1.215418469
Raffinose,Ethanol,-0.738797127,0.553930478,0.578430127,0.186376642,0.175969279,-0.455495024,0.483874777,0.794900475,0.765085463,-0.220132365,0.228010787,0.870544224,1.033811364
Raffinose,Xylose,-1.25644105,0.533126218,0.575641465,0.182932775,0.194732629,-0.455495024,0.483874777,0.794900475,0.765085463,-0.354762903,0.364079908,0.75089661,0.995437019
x5.Fluorouracil,Hydrogen_Peroxide,-2.901196618,0.667688767,0.784512425,0.286089255,0.331712898,-0.197236776,0.202883637,0.871759553,1.052624424,0.306613946,-0.313875855,0.734610877,1.079059125
x5.Fluorouracil,Lactose,-0.423955348,0.594591197,0.607308913,0.199873324,0.244948662,-0.197236776,0.202883637,0.871759553,1.052624424,-0.492516157,0.502425939,0.68594407,0.821511283
x5.Fluorouracil,Mannose,0.986567056,0.701630552,0.666826978,0.290030765,0.298364879,-0.197236776,0.202883637,0.871759553,1.052624424,-0.346830993,0.356383542,0.976998384,0.774613446
x5.Fluorouracil,Cobalt_Chloride,-1.879270413,0.702501163,0.768443033,0.25214261,0.356953359,-0.197236776,0.202883637,0.871759553,1.052624424,-0.099533472,0.101732002,0.771142523,1.215418469
x5.Fluorouracil,Ethanol,-0.800870825,0.589752959,0.614922269,0.250571409,0.223356295,-0.197236776,0.202883637,0.871759553,1.052624424,-0.220132365,0.228010787,0.870544224,1.033811364
x5.Fluorouracil,Xylose,-1.618771278,0.585340477,0.633374274,0.21378971,0.221850115,-0.197236776,0.202883637,0.871759553,1.052624424,-0.354762903,0.364079908,0.75089661,0.995437019
Hydrogen_Peroxide,Lactose,-1.220923113,0.604185632,0.651076778,0.254467826,0.310651787,0.306613946,-0.313875855,0.734610877,1.079059125,-0.492516157,0.502425939,0.68594407,0.821511283
Hydrogen_Peroxide,Mannose,-1.239085856,0.656309434,0.706303499,0.263043872,0.323684045,0.306613946,-0.313875855,0.734610877,1.079059125,-0.346830993,0.356383542,0.976998384,0.774613446
Hydrogen_Peroxide,Cobalt_Chloride,-2.75136128,0.661271106,0.769535602,0.248275601,0.345852038,0.306613946,-0.313875855,0.734610877,1.079059125,-0.099533472,0.101732002,0.771142523,1.215418469
Hydrogen_Peroxide,Ethanol,-3.011409911,0.653458925,0.767443856,0.240844422,0.306923348,0.306613946,-0.313875855,0.734610877,1.079059125,-0.220132365,0.228010787,0.870544224,1.033811364
Hydrogen_Peroxide,Xylose,-2.325275673,0.684985037,0.774481442,0.238459552,0.327642542,0.306613946,-0.313875855,0.734610877,1.079059125,-0.354762903,0.364079908,0.75089661,0.995437019
Lactose,Mannose,-0.890299784,0.604534277,0.632517409,0.188475021,0.282113818,-0.492516157,0.502425939,0.68594407,0.821511283,-0.346830993,0.356383542,0.976998384,0.774613446
Lactose,Cobalt_Chloride,-1.921219023,0.59226288,0.654557944,0.211751544,0.314953431,-0.492516157,0.502425939,0.68594407,0.821511283,-0.099533472,0.101732002,0.771142523,1.215418469
Lactose,Ethanol,-0.707174207,0.552779509,0.573896172,0.171801142,0.25699505,-0.492516157,0.502425939,0.68594407,0.821511283,-0.220132365,0.228010787,0.870544224,1.033811364
Lactose,Xylose,-3.665045641,0.410655101,0.506293132,0.10477152,0.234566479,-0.492516157,0.502425939,0.68594407,0.821511283,-0.354762903,0.364079908,0.75089661,0.995437019
Mannose,Cobalt_Chloride,1.477790002,0.682041567,0.631822553,0.242595554,0.308977813,-0.346830993,0.356383542,0.976998384,0.774613446,-0.099533472,0.101732002,0.771142523,1.215418469
Mannose,Ethanol,0.116388971,0.628148955,0.624118925,0.247116282,0.303247526,-0.346830993,0.356383542,0.976998384,0.774613446,-0.220132365,0.228010787,0.870544224,1.033811364
Mannose,Xylose,-0.202845318,0.584195191,0.590330723,0.184557474,0.251318358,-0.346830993,0.356383542,0.976998384,0.774613446,-0.354762903,0.364079908,0.75089661,0.995437019
Cobalt_Chloride,Ethanol,-2.370222639,0.606153491,0.681553792,0.217221104,0.270970514,-0.099533472,0.101732002,0.771142523,1.215418469,-0.220132365,0.228010787,0.870544224,1.033811364
Cobalt_Chloride,Xylose,-2.844681009,0.618393225,0.712070423,0.224563915,0.317974554,-0.099533472,0.101732002,0.771142523,1.215418469,-0.354762903,0.364079908,0.75089661,0.995437019
Ethanol,Xylose,-0.349663451,0.503827116,0.512855644,0.159559376,0.161641316,-0.220132365,0.228010787,0.870544224,1.033811364,-0.354762903,0.364079908,0.75089661,0.995437019
Trehalose,SDS,-0.775362684,0.569515445,0.592844008,0.187039329,0.206316821,-0.413867519,0.418014488,0.757252488,0.898755766,-0.141316896,0.14964926,0.91358714,1.050238261
Trehalose,x4.Hydroxybenzaldehyde,-0.011167947,0.702610216,0.702977482,0.261231818,0.258415159,-0.413867519,0.418014488,0.757252488,0.898755766,-0.132101662,0.133756381,0.912627316,1.054926859
Trehalose,Neomycin,-2.520669383,0.686157391,0.771320556,0.277591418,0.293629583,-0.413867519,0.418014488,0.757252488,0.898755766,0.143822158,-0.14526038,0.90867557,1.05216712
SDS,x4.Hydroxybenzaldehyde,-0.599948291,0.546740198,0.56467086,0.165455624,0.20781308,-0.141316896,0.14964926,0.91358714,1.050238261,-0.132101662,0.133756381,0.912627316,1.054926859
SDS,Neomycin,-0.97021891,0.755185714,0.792241912,0.269084032,0.363843152,-0.141316896,0.14964926,0.91358714,1.050238261,0.143822158,-0.14526038,0.90867557,1.05216712
x4.Hydroxybenzaldehyde,Neomycin,-0.971709579,0.703390854,0.736374623,0.261701248,0.292294229,-0.132101662,0.133756381,0.912627316,1.054926859,0.143822158,-0.14526038,0.90867557,1.05216712
Mannose,Magnesium_Chloride,0.161900518,0.647804873,0.642245942,0.279482032,0.260274654,-0.129482565,0.139313129,1.063328453,0.896498816,-0.168371517,0.186792909,0.996295057,0.939816486
Mannose,Mannose,NaN,0,0,0,0,-0.129482565,0.139313129,1.063328453,0.896498816,-0.129482565,0.139313129,1.063328453,0.896498816
Magnesium_Chloride,Mannose,0.161900518,0.647804873,0.642245942,0.279482032,0.260274654,-0.168371517,0.186792909,0.996295057,0.939816486,-0.129482565,0.139313129,1.063328453,0.896498816
Galactose,Formamide,-0.830823638,0.746536324,0.778790858,0.366108461,0.353558175,-0.206369012,0.229954042,0.932934796,0.976394074,-0.103641106,0.11618366,0.929841031,1.055200884
Galactose,x4.Hydroxybenzaldehyde,0.068772941,0.650088673,0.647765497,0.27696647,0.252366656,-0.206369012,0.229954042,0.932934796,0.976394074,-0.215243197,0.240788544,0.911230591,0.991481443
Formamide,x4.Hydroxybenzaldehyde,-1.692970123,0.695420901,0.76014706,0.352234287,0.347436222,-0.103641106,0.11618366,0.929841031,1.055200884,-0.215243197,0.240788544,0.911230591,0.991481443
Hydroquinone,Paraquat,4.317467296,0.774161672,0.597306645,0.31680045,0.47888702,0.091807508,-0.100627443,1.133044804,0.836927205,-0.108554308,0.118979148,0.916032962,1.067011226
Sorbitol,Trehalose,-0.087638142,0.273285027,0.275150923,0.069115616,0.066386109,-0.191549512,0.178573577,0.866093422,1.061734276,-0.165251177,0.159106809,1.035271228,0.916294827
Sorbitol,Lactate,-0.571917247,0.373892696,0.389288898,0.116413801,0.094631125,-0.191549512,0.178573577,0.866093422,1.061734276,-0.131133293,0.127151513,1.034243283,0.935919081
Trehalose,Lactate,1.965929581,0.369343671,0.334260555,0.082392014,0.07181356,-0.165251177,0.159106809,1.035271228,0.916294827,-0.131133293,0.127151513,1.034243283,0.935919081
