bin,first_marker
2,X27915_chr01_27915_T_C
3,X40381_chr01_40381_G_A
4,X60199_chr01_60199_C_T
5,X83285_chr01_83285_A_G
6,X116328_chr01_116328_T_C
7,X131542_chr01_131542_C_T
8,X141182_chr01_141182_G_A
9,X166223_chr01_166223_C_T
10,X180067_chr01_180067_A_G
11,X202756_chr01_202756_C_G
13,X265847_chr02_35639_G_T
15,X303559_chr02_73351_C_T
16,X317597_chr02_87389_A_C
17,X332263_chr02_102055_T_C
18,X350796_chr02_120588_A_G
19,X370232_chr02_140024_C_T
20,X391021_chr02_160813_T_G
21,X410590_chr02_180382_A_G
22,X430694_chr02_200486_G_A
23,X450266_chr02_220058_C_T
24,X470752_chr02_240544_C_T
25,X495981_chr02_265773_G_A
26,X513639_chr02_283431_A_C
27,X531607_chr02_301399_T_C
28,X550396_chr02_320188_T_C
29,X570511_chr02_340303_A_G
30,X591068_chr02_360860_T_C
31,X611116_chr02_380908_T_C
32,X630688_chr02_400480_A_G
33,X650604_chr02_420396_A_G
34,X670422_chr02_440214_A_T
35,X690404_chr02_460196_A_G
36,X710271_chr02_480063_G_A
37,X730700_chr02_500492_T_C
38,X752237_chr02_522029_G_A
39,X770498_chr02_540290_G_A
40,X790369_chr02_560161_T_A
41,X810463_chr02_580255_G_T
42,X831277_chr02_601069_G_A
43,X850305_chr02_620097_G_A
44,X871037_chr02_640829_T_C
45,X890392_chr02_660184_A_G
46,X910575_chr02_680367_A_G
47,X930267_chr02_700059_G_C
49,X971030_chr02_740822_G_A
50,X992471_chr02_762263_C_T
51,X1010391_chr02_780183_A_C
55,X1116789_chr03_73403_C_T
56,X1123830_chr03_80444_C_T
57,X1143598_chr03_100212_A_G
58,X1165947_chr03_122561_C_G
59,X1187296_chr03_143910_A_G
60,X1205131_chr03_161745_G_T
61,X1223509_chr03_180123_G_A
62,X1244538_chr03_201152_T_C
63,X1272608_chr03_229222_C_T
64,X1283989_chr03_240603_G_A
65,X1304081_chr03_260695_A_C
66,X1323832_chr03_280446_T_G
68,X1397110_chr04_37107_C_T
69,X1400443_chr04_40440_T_C
70,X1420464_chr04_60461_T_C
71,X1440060_chr04_80057_C_T
72,X1460719_chr04_100716_A_G
73,X1480034_chr04_120031_C_T
74,X1500812_chr04_140809_T_C
75,X1520222_chr04_160219_C_T
76,X1541982_chr04_181979_T_G
77,X1560224_chr04_200221_C_T
78,X1581178_chr04_221175_G_A
79,X1601169_chr04_241166_G_A
80,X1620183_chr04_260180_T_C
81,X1640194_chr04_280191_T_C
82,X1660257_chr04_300254_C_T
83,X1680020_chr04_320017_T_C
84,X1701956_chr04_341953_G_A
85,X1721675_chr04_361672_G_A
86,X1740252_chr04_380249_A_G
87,X1760710_chr04_400707_T_A
88,X1781543_chr04_421540_A_C
89,X1800839_chr04_440836_A_G
90,X1821426_chr04_461423_C_T
91,X1840077_chr04_480074_G_C
92,X1860513_chr04_500510_C_T
93,X1880658_chr04_520655_G_A
94,X1900229_chr04_540226_C_T
95,X1922105_chr04_562102_T_A
96,X1941183_chr04_581180_T_C
97,X1960708_chr04_600705_C_T
98,X1980091_chr04_620088_T_C
99,X2001151_chr04_641148_C_T
100,X2022836_chr04_662833_T_C
101,X2040245_chr04_680242_G_A
102,X2063387_chr04_703384_G_C
103,X2080646_chr04_720643_A_G
104,X2100276_chr04_740273_T_A
105,X2125853_chr04_765850_T_C
106,X2141104_chr04_781101_T_C
107,X2162859_chr04_802856_G_A
108,X2185423_chr04_825420_T_C
109,X2203126_chr04_843123_G_T
110,X2220712_chr04_860709_T_G
111,X2244762_chr04_884759_T_A
112,X2260294_chr04_900291_C_T
113,X2282174_chr04_922171_C_T
114,X2300972_chr04_940969_G_C
115,X2320835_chr04_960832_T_C
116,X2353025_chr04_993022_T_A
117,X2363824_chr04_1003821_C_T
118,X2382417_chr04_1022414_A_G
119,X2400939_chr04_1040936_A_G
120,X2420010_chr04_1060007_T_C
121,X2451235_chr04_1091232_C_T
122,X2461893_chr04_1101890_G_C
123,X2483441_chr04_1123438_G_C
124,X2500683_chr04_1140680_G_A
125,X2531428_chr04_1171425_G_C
126,X2541162_chr04_1181159_T_C
127,X2561617_chr04_1201614_C_T
128,X2580401_chr04_1220398_C_G
129,X2600247_chr04_1240244_C_T
130,X2621098_chr04_1261095_A_G
131,X2640602_chr04_1280599_G_A
132,X2662526_chr04_1302523_T_C
133,X2680896_chr04_1320893_C_T
134,X2701091_chr04_1341088_C_T
135,X2721027_chr04_1361024_A_G
136,X2745252_chr04_1385249_C_A
137,X2760038_chr04_1400035_G_A
138,X2789118_chr04_1429115_T_C
139,X2800114_chr04_1440111_C_T
140,X2820363_chr04_1460360_G_A
141,X2840267_chr04_1480264_C_A
142,X2860047_chr04_1500044_C_T
143,X2880086_chr04_1520083_G_C
144,X2898985_chr05_7063_A_G
145,X2915231_chr05_23309_A_G
146,X2932229_chr05_40307_A_G
147,X2951979_chr05_60057_A_G
148,X2972971_chr05_81049_C_T
149,X2993303_chr05_101381_C_G
150,X3012718_chr05_120796_T_C
151,X3032622_chr05_140700_C_T
152,X3051931_chr05_160009_T_C
153,X3073056_chr05_181134_T_C
154,X3091974_chr05_200052_T_C
155,X3112029_chr05_220107_C_T
156,X3132021_chr05_240099_T_G
157,X3151975_chr05_260053_A_G
158,X3175344_chr05_283422_T_C
159,X3192658_chr05_300736_G_A
160,X3213542_chr05_321620_G_T
161,X3232963_chr05_341041_C_T
162,X3252165_chr05_360243_A_G
163,X3274726_chr05_382804_T_C
164,X3292399_chr05_400477_T_C
165,X3312210_chr05_420288_C_T
166,X3334486_chr05_442564_T_G
167,X3356411_chr05_464489_G_A
168,X3372594_chr05_480672_A_T
169,X3391980_chr05_500058_G_T
170,X3412583_chr05_520661_G_A
171,X3432326_chr05_540404_C_A
172,X3452207_chr05_560285_A_C
174,X3498978_chr06_30187_G_A
175,X3508980_chr06_40189_A_G
176,X3530209_chr06_61418_C_T
177,X3548838_chr06_80047_G_A
178,X3570955_chr06_102164_A_G
179,X3590929_chr06_122138_C_T
180,X3618393_chr06_149602_T_G
181,X3628923_chr06_160132_T_A
182,X3650471_chr06_181680_A_G
183,X3670403_chr06_201612_C_T
184,X3694678_chr06_225887_G_A
185,X3709201_chr06_240410_C_A
186,X3730312_chr06_261521_G_T
187,X3748127_chr07_9188_C_T
188,X3759049_chr07_20110_T_C
189,X3782247_chr07_43308_T_G
190,X3799668_chr07_60729_T_C
191,X3819060_chr07_80121_T_C
192,X3839053_chr07_100114_T_C
193,X3859206_chr07_120267_T_G
194,X3878975_chr07_140036_A_G
195,X3901888_chr07_162949_C_T
196,X3919952_chr07_181013_T_C
197,X3939296_chr07_200357_C_T
198,X3959951_chr07_221012_G_T
199,X3980452_chr07_241513_T_C
200,X3999857_chr07_260918_T_C
201,X4019080_chr07_280141_T_A
202,X4039894_chr07_300955_T_C
203,X4059770_chr07_320831_T_C
204,X4080993_chr07_342054_A_G
205,X4099383_chr07_360444_T_C
206,X4119310_chr07_380371_T_C
207,X4139104_chr07_400165_T_C
208,X4159827_chr07_420888_C_T
209,X4179637_chr07_440698_T_A
210,X4199274_chr07_460335_T_C
211,X4219556_chr07_480617_A_G
212,X4240490_chr07_501551_A_T
213,X4259074_chr07_520135_C_A
214,X4284768_chr07_545829_C_T
215,X4299026_chr07_560087_G_A
216,X4319121_chr07_580182_G_T
217,X4340555_chr07_601616_T_A
218,X4359237_chr07_620298_A_C
219,X4380227_chr07_641288_A_G
220,X4403938_chr07_664999_G_A
221,X4420255_chr07_681316_A_C
222,X4444158_chr07_705219_C_T
223,X4460859_chr07_721920_A_G
224,X4484532_chr07_745593_G_A
225,X4506046_chr07_767107_A_G
226,X4524143_chr07_785204_C_T
227,X4538997_chr07_800058_G_A
228,X4562353_chr07_823414_T_G
229,X4581150_chr07_842211_T_C
230,X4599421_chr07_860482_A_G
231,X4618961_chr07_880022_C_T
232,X4639697_chr07_900758_C_A
233,X4658991_chr07_920052_T_C
234,X4679024_chr07_940085_C_T
235,X4699023_chr07_960084_T_C
236,X4721962_chr07_983023_C_T
237,X4739799_chr07_1000860_C_T
238,X4765038_chr07_1026099_A_G
239,X4780733_chr07_1041794_G_T
240,X4799001_chr07_1060062_C_T
241,X4842605_chr08_12719_T_A
242,X4850762_chr08_20876_G_A
243,X4876446_chr08_46560_T_C
244,X4890075_chr08_60189_C_T
245,X4910707_chr08_80821_G_A
246,X4929961_chr08_100075_A_G
247,X4951895_chr08_122009_T_C
248,X4969923_chr08_140037_C_T
249,X4990475_chr08_160589_T_C
250,X5010797_chr08_180911_A_G
251,X5032616_chr08_202730_A_C
252,X5050039_chr08_220153_G_A
253,X5070623_chr08_240737_G_A
254,X5090231_chr08_260345_T_C
255,X5113114_chr08_283228_T_C
256,X5129899_chr08_300013_T_C
257,X5150816_chr08_320930_G_A
258,X5170064_chr08_340178_C_T
259,X5190827_chr08_360941_A_G
260,X5210401_chr08_380515_T_C
261,X5229958_chr08_400072_A_G
262,X5250137_chr08_420251_A_T
263,X5270694_chr08_440808_C_T
264,X5290171_chr08_460285_T_C
265,X5311221_chr08_481335_T_C
266,X5330827_chr08_500941_C_T
268,X5418729_chr09_26200_A_G
269,X5433041_chr09_40512_G_A
270,X5453373_chr09_60844_T_C
271,X5473930_chr09_81401_T_C
272,X5492884_chr09_100355_A_G
273,X5513989_chr09_121460_A_G
274,X5533539_chr09_141010_G_A
275,X5554264_chr09_161735_T_C
276,X5572535_chr09_180006_T_A
277,X5592852_chr09_200323_C_T
278,X5614837_chr09_222308_A_T
279,X5633199_chr09_240670_G_T
280,X5652695_chr09_260166_G_A
281,X5672608_chr09_280079_T_G
282,X5693009_chr09_300480_G_A
283,X5713136_chr09_320607_T_C
284,X5732682_chr09_340153_G_A
285,X5752593_chr09_360064_A_G
286,X5775777_chr09_383248_A_G
287,X5792554_chr09_400025_A_G
288,X5812902_chr09_420373_A_G
290,X5857772_chr10_25358_C_T
291,X5872514_chr10_40100_A_T
292,X5892591_chr10_60177_T_A
293,X5912467_chr10_80053_T_A
294,X5933477_chr10_101063_C_T
295,X5953689_chr10_121275_C_T
296,X5972827_chr10_140413_G_A
297,X5992616_chr10_160202_G_C
298,X6013625_chr10_181211_T_C
299,X6036998_chr10_204584_G_A
300,X6052724_chr10_220310_C_T
301,X6073680_chr10_241266_G_A
302,X6092702_chr10_260288_T_C
303,X6112745_chr10_280331_A_G
304,X6133034_chr10_300620_C_T
305,X6155438_chr10_323024_G_A
306,X6172503_chr10_340089_C_T
307,X6192714_chr10_360300_T_C
308,X6212688_chr10_380274_T_C
309,X6232796_chr10_400382_C_G
310,X6253990_chr10_421576_T_C
311,X6276152_chr10_443738_G_A
312,X6292453_chr10_460039_A_G
313,X6316479_chr10_484065_A_T
314,X6332565_chr10_500151_G_A
315,X6353214_chr10_520800_A_G
316,X6375177_chr10_542763_G_A
317,X6392443_chr10_560029_T_C
318,X6412510_chr10_580096_T_C
319,X6432579_chr10_600165_T_C
320,X6454104_chr10_621690_G_T
321,X6474157_chr10_641743_G_A
322,X6492806_chr10_660392_A_G
323,X6515308_chr10_682894_T_C
324,X6533717_chr10_701303_A_G
325,X6581021_chr11_2866_A_T
326,X6598259_chr11_20104_C_T
327,X6618362_chr11_40207_C_G
328,X6640355_chr11_62200_C_T
329,X6658632_chr11_80477_G_A
330,X6678605_chr11_100450_A_G
331,X6698335_chr11_120180_C_T
332,X6718498_chr11_140343_A_G
333,X6740794_chr11_162639_T_C
334,X6758743_chr11_180588_C_T
335,X6779408_chr11_201253_G_A
336,X6799254_chr11_221099_T_C
337,X6818853_chr11_240698_G_A
338,X6838710_chr11_260555_A_G
339,X6858790_chr11_280635_A_G
340,X6879320_chr11_301165_A_G
341,X6899510_chr11_321355_C_T
342,X6919552_chr11_341397_A_T
343,X6938658_chr11_360503_A_G
344,X6958400_chr11_380245_C_T
345,X6978319_chr11_400164_G_A
346,X6998940_chr11_420785_C_T
347,X7020627_chr11_442472_C_T
348,X7039014_chr11_460859_C_T
349,X7058184_chr11_480029_A_G
350,X7078180_chr11_500025_T_C
351,X7098431_chr11_520276_C_T
352,X7119882_chr11_541727_C_T
353,X7138580_chr11_560425_A_G
354,X7158212_chr11_580057_C_T
355,X7178862_chr11_600707_A_G
356,X7198727_chr11_620572_G_A
357,X7218605_chr11_640450_T_C
358,X7263308_chr12_18699_T_C
359,X7264612_chr12_20003_G_A
360,X7284727_chr12_40118_G_A
361,X7305926_chr12_61317_A_G
362,X7325488_chr12_80879_T_G
363,X7344734_chr12_100125_C_T
364,X7365158_chr12_120549_C_T
365,X7385605_chr12_140996_T_C
366,X7405562_chr12_160953_C_T
367,X7430653_chr12_186044_T_C
368,X7448023_chr12_203414_G_T
369,X7467868_chr12_223259_T_C
370,X7485770_chr12_241161_T_C
371,X7504612_chr12_260003_G_C
372,X7524808_chr12_280199_A_G
373,X7545149_chr12_300540_T_C
374,X7565075_chr12_320466_C_T
375,X7586298_chr12_341689_T_A
376,X7605016_chr12_360407_C_T
377,X7624858_chr12_380249_A_G
382,X7735346_chr12_490737_T_G
383,X7744612_chr12_500003_G_A
384,X7764672_chr12_520063_C_A
385,X7787851_chr12_543242_T_C
386,X7806396_chr12_561787_T_G
387,X7827114_chr12_582505_G_T
388,X7846100_chr12_601491_A_G
389,X7865152_chr12_620543_T_C
390,X7885056_chr12_640447_G_A
391,X7904982_chr12_660373_C_T
392,X7924770_chr12_680161_C_T
393,X7944722_chr12_700113_G_A
394,X7965137_chr12_720528_T_A
395,X7985424_chr12_740815_A_G
396,X8004636_chr12_760027_T_C
397,X8024723_chr12_780114_T_C
398,X8045464_chr12_800855_C_G
399,X8064895_chr12_820286_C_T
400,X8084895_chr12_840286_T_C
401,X8104639_chr12_860030_G_A
402,X8124644_chr12_880035_G_A
403,X8145421_chr12_900812_C_G
404,X8165383_chr12_920774_C_T
405,X8185533_chr12_940924_G_T
406,X8205602_chr12_960993_C_T
407,X8227592_chr12_982983_C_A
408,X8245165_chr12_1000556_T_C
409,X8264682_chr12_1020073_C_T
410,X8285392_chr12_1040783_G_A
413,X8368585_chr13_45801_T_C
414,X8384447_chr13_61663_T_C
415,X8403605_chr13_80821_A_C
416,X8422838_chr13_100054_A_G
417,X8442866_chr13_120082_G_A
418,X8463112_chr13_140328_G_A
419,X8483449_chr13_160665_G_A
420,X8502885_chr13_180101_G_A
421,X8525266_chr13_202482_A_G
422,X8543509_chr13_220725_A_G
423,X8563378_chr13_240594_T_C
424,X8583118_chr13_260334_T_C
425,X8603062_chr13_280278_C_T
426,X8623107_chr13_300323_G_C
427,X8644443_chr13_321659_G_A
428,X8663803_chr13_341019_G_A
429,X8685775_chr13_362991_G_A
430,X8703423_chr13_380639_A_G
431,X8722956_chr13_400172_C_T
432,X8742881_chr13_420097_A_T
433,X8762980_chr13_440196_A_G
434,X8788402_chr13_465618_G_T
435,X8803494_chr13_480710_C_A
436,X8823148_chr13_500364_G_A
437,X8847004_chr13_524220_T_G
438,X8862871_chr13_540087_C_A
439,X8882993_chr13_560209_A_C
440,X8904749_chr13_581965_C_T
441,X8923137_chr13_600353_A_G
442,X8943038_chr13_620254_G_C
443,X8962975_chr13_640191_T_C
444,X8982854_chr13_660070_T_C
445,X9002801_chr13_680017_A_G
446,X9023235_chr13_700451_T_A
447,X9047217_chr13_724433_T_C
448,X9063001_chr13_740217_G_T
449,X9084101_chr13_761317_T_A
451,X9134961_chr13_812177_C_A
452,X9143229_chr13_820445_C_T
453,X9165704_chr13_842920_A_G
454,X9182964_chr13_860180_C_T
455,X9202887_chr13_880103_G_A
456,X9223344_chr13_900560_C_T
457,X9263203_chr14_15990_T_C
458,X9267441_chr14_20228_C_T
459,X9287609_chr14_40396_A_G
460,X9307242_chr14_60029_T_C
461,X9330015_chr14_82802_G_A
462,X9350030_chr14_102817_T_A
463,X9368832_chr14_121619_C_T
464,X9388157_chr14_140944_A_G
465,X9411181_chr14_163968_C_T
466,X9431917_chr14_184704_A_G
467,X9449187_chr14_201974_C_T
468,X9467764_chr14_220551_T_G
469,X9488328_chr14_241115_G_A
470,X9507571_chr14_260358_C_T
471,X9528410_chr14_281197_G_A
472,X9547232_chr14_300019_T_C
473,X9569677_chr14_322464_A_G
474,X9587294_chr14_340081_A_G
475,X9608744_chr14_361531_C_A
476,X9627834_chr14_380621_T_A
477,X9648191_chr14_400978_T_G
478,X9667278_chr14_420065_T_C
479,X9689605_chr14_442392_C_A
480,X9709078_chr14_461865_C_G
481,X9729110_chr14_481897_A_G
482,X9747601_chr14_500388_A_G
483,X9772433_chr14_525220_A_G
484,X9787398_chr14_540185_C_T
485,X9807527_chr14_560314_A_T
486,X9834939_chr14_587726_G_A
487,X9848025_chr14_600812_G_T
488,X9870620_chr14_623407_A_T
489,X9892164_chr14_644951_G_A
490,X9909074_chr14_661861_A_G
491,X9928145_chr14_680932_T_C
492,X9947381_chr14_700168_C_T
493,X9967921_chr14_720708_A_C
494,X9988217_chr14_741004_A_G
496,X10062030_chr15_30484_G_A
497,X10071743_chr15_40197_A_G
498,X10091576_chr15_60030_A_G
499,X10112210_chr15_80664_C_T
500,X10134217_chr15_102671_A_T
501,X10155251_chr15_123705_A_G
502,X10171558_chr15_140012_T_C
503,X10192190_chr15_160644_C_T
504,X10212080_chr15_180534_A_G
505,X10233338_chr15_201792_T_C
506,X10251886_chr15_220340_G_A
507,X10271639_chr15_240093_G_A
508,X10292860_chr15_261314_A_C
509,X10312925_chr15_281379_C_T
510,X10331848_chr15_300302_G_T
511,X10356422_chr15_324876_T_C
512,X10375030_chr15_343484_G_T
513,X10392139_chr15_360593_A_G
514,X10415073_chr15_383527_A_T
515,X10431677_chr15_400131_T_C
516,X10452886_chr15_421340_A_G
517,X10471563_chr15_440017_T_C
518,X10491978_chr15_460432_A_T
519,X10511638_chr15_480092_C_T
520,X10534137_chr15_502591_G_A
521,X10551556_chr15_520010_G_A
522,X10572420_chr15_540874_A_G
523,X10591736_chr15_560190_T_A
524,X10611633_chr15_580087_GTTTT_GTTT
525,X10632802_chr15_601256_C_T
526,X10651944_chr15_620398_T_C
527,X10672028_chr15_640482_A_G
528,X10691746_chr15_660200_T_C
529,X10712344_chr15_680798_T_C
530,X10732061_chr15_700515_A_G
531,X10751879_chr15_720333_C_T
532,X10772987_chr15_741441_T_C
533,X10791661_chr15_760115_A_G
534,X10811555_chr15_780009_C_A
535,X10833292_chr15_801746_G_A
536,X10851898_chr15_820352_C_T
537,X10872923_chr15_841377_T_G
538,X10892123_chr15_860577_T_C
539,X10912333_chr15_880787_C_T
540,X10932490_chr15_900944_T_C
541,X10952357_chr15_920811_A_C
542,X10971635_chr15_940089_G_A
543,X10993053_chr15_961507_C_T
544,X11011740_chr15_980194_C_T
545,X11033866_chr15_1002320_C_G
546,X11053806_chr15_1022260_C_T
547,X11074662_chr15_1043116_T_C
548,X11091679_chr15_1060133_C_T
552,X11190308_chr16_67473_A_T
553,X11203669_chr16_80834_T_C
554,X11224306_chr16_101471_T_A
555,X11243154_chr16_120319_T_C
556,X11264155_chr16_141320_A_G
557,X11293070_chr16_170235_T_C
558,X11303238_chr16_180403_T_C
559,X11324450_chr16_201615_G_A
560,X11343305_chr16_220470_T_C
561,X11363049_chr16_240214_G_A
562,X11383971_chr16_261136_C_G
563,X11403457_chr16_280622_C_A
564,X11423151_chr16_300316_C_T
565,X11448684_chr16_325849_T_C
566,X11463921_chr16_341086_G_A
567,X11483532_chr16_360697_A_T
568,X11503506_chr16_380671_G_C
569,X11524258_chr16_401423_C_T
570,X11542874_chr16_420039_A_G
571,X11566636_chr16_443801_T_A
572,X11584877_chr16_462042_C_T
573,X11603085_chr16_480250_CAAAAAAAA_CAAAAAAA
574,X11623022_chr16_500187_A_G
575,X11643232_chr16_520397_T_C
576,X11663143_chr16_540308_C_G
577,X11687535_chr16_564700_T_C
578,X11704494_chr16_581659_T_G
579,X11723117_chr16_600282_T_G
580,X11746103_chr16_623268_T_A
581,X11763589_chr16_640754_G_A
582,X11783926_chr16_661091_C_T
584,X11827229_chr16_704394_G_C
585,X11843249_chr16_720414_C_G
586,X11862973_chr16_740138_G_A
587,X11885719_chr16_762884_C_T
593,X12013366_chr16_890531_A_G
594,X12025760_chr16_902925_G_A
595,X12043009_chr16_920174_G_C
