,Environment,M1,M2,QTL-QTL Interaction,vQTL-vQTL Interaction,LODi,LODa,LODf
1,Paraquat,7815397_chr12_570788_T_C,8374142_chr13_51358_G_T,QTL-QTL,-,2.023253519,31.61853922,33.64179274
2,Paraquat,8423478_chr13_100694_T_C,7815397_chr12_570788_T_C,-,vQTL-vQTL,1.450462012,29.20072075,30.65118276
3,Paraquat,9788960_chr14_541747_G_A,10493631_chr15_462085_T_C,-,vQTL-vQTL,0.701593425,20.77182801,21.47342144
4,Paraquat,8117763_chr12_873154_C_A,8423478_chr13_100694_T_C,-,vQTL-vQTL,0.678804874,12.89760214,13.57640701
5,Paraquat,8117763_chr12_873154_C_A,10493631_chr15_462085_T_C,-,vQTL-vQTL,0.38460157,18.0964843,18.48108587
6,Paraquat,8117763_chr12_873154_C_A,9788960_chr14_541747_G_A,-,vQTL-vQTL,0.882569994,9.234965613,10.11753561
7,Paraquat,55146_chr01_55146_C_T,8117763_chr12_873154_C_A,-,vQTL-vQTL,0.783037787,11.73103362,12.51407141
8,Paraquat,7025344_chr11_447189_T_C,9019869_chr13_697085_C_T,-,vQTL-vQTL,0.301355312,6.49056736,6.791922671
9,Paraquat,7025344_chr11_447189_T_C,7815397_chr12_570788_T_C,-,vQTL-vQTL,0.380938796,18.29795023,18.67888903
10,Paraquat,7025344_chr11_447189_T_C,8423478_chr13_100694_T_C,-,vQTL-vQTL,0.565725404,9.611448399,10.1771738
11,Paraquat,7025344_chr11_447189_T_C,10493631_chr15_462085_T_C,-,vQTL-vQTL,1.116906114,15.36833151,16.48523762
12,Paraquat,7025344_chr11_447189_T_C,55146_chr01_55146_C_T,-,vQTL-vQTL,0.517800181,9.165487949,9.68328813
13,Paraquat,9192096_chr13_869312_A_G,7815397_chr12_570788_T_C,-,vQTL-vQTL,0.430250373,28.20733823,28.6375886
14,Paraquat,9192096_chr13_869312_A_G,8117763_chr12_873154_C_A,-,vQTL-vQTL,0.477010775,11.88858705,12.36559783
15,Paraquat,9192096_chr13_869312_A_G,55146_chr01_55146_C_T,-,vQTL-vQTL,0.421606518,17.12767321,17.54927973
16,Congo_red,476087_chr02_245879_G_A,10189620_chr15_158074_T_C,QTL-QTL,-,1.291543673,56.60637068,57.89791436
17,Congo_red,476087_chr02_245879_G_A,4945858_chr08_115972_A_T,QTL-QTL,-,2.178083021,52.31853545,54.49661847
18,Congo_red,392907_chr02_162699_A_G,4927418_chr08_97532_T_C,-,vQTL-vQTL,0.717559029,15.90063782,16.61819685
19,Congo_red,11595615_chr16_472780_A_T,10601237_chr15_569691_G_A,-,vQTL-vQTL,0.322228279,0.403399595,0.725627873
20,Congo_red,11595615_chr16_472780_A_T,4927418_chr08_97532_T_C,-,vQTL-vQTL,0.316849693,8.547263492,8.864113185
21,Congo_red,11595615_chr16_472780_A_T,392907_chr02_162699_A_G,-,vQTL-vQTL,0.601456296,7.381584938,7.983041234
22,Congo_red,436491_chr02_206283_T_C,10601237_chr15_569691_G_A,-,vQTL-vQTL,0.682119929,23.155762,23.83788193
23,Congo_red,436491_chr02_206283_T_C,4927418_chr08_97532_T_C,-,vQTL-vQTL,2.775259892,32.59674417,35.37200406
24,Congo_red,436491_chr02_206283_T_C,11595615_chr16_472780_A_T,-,vQTL-vQTL,0.756868121,23.39351313,24.15038125
25,Congo_red,10548957_chr15_517411_C_G,392907_chr02_162699_A_G,-,vQTL-vQTL,0.290265943,8.802145159,9.092411102
26,Congo_red,10548957_chr15_517411_C_G,11595615_chr16_472780_A_T,-,vQTL-vQTL,0.276687299,2.303212443,2.579899742
27,Congo_red,10548957_chr15_517411_C_G,436491_chr02_206283_T_C,-,vQTL-vQTL,0.955652644,24.8462026,25.80185525
28,Congo_red,8565637_chr13_242853_G_A,4927418_chr08_97532_T_C,-,vQTL-vQTL,1.926263741,8.635019823,10.56128356
29,Congo_red,8565637_chr13_242853_G_A,10548957_chr15_517411_C_G,-,vQTL-vQTL,0.488710781,2.132904896,2.621615677
30,Congo_red,9614309_chr14_367096_G_A,10601237_chr15_569691_G_A,-,vQTL-vQTL,0.254481805,0.092671475,0.347153281
31,Congo_red,9614309_chr14_367096_G_A,10548957_chr15_517411_C_G,-,vQTL-vQTL,0.3003828,1.979895683,2.280278483
32,Zeocin,4945858_chr08_115972_A_T,10189620_chr15_158074_T_C,QTL-QTL,-,1.514122375,41.00436433,42.51848671
33,Zeocin,4945858_chr08_115972_A_T,7894448_chr12_649839_A_G,QTL-QTL,-,1.35666563,44.0322154,45.38888103
34,Zeocin,4945858_chr08_115972_A_T,9020685_chr13_697901_C_T,QTL-QTL,-,1.696807925,36.84706618,38.54387411
35,Zeocin,8369542_chr13_46758_C_T,5940499_chr10_108085_A_G,QTL-QTL,-,1.299196522,21.64004415,22.93924067
36,Zeocin,8369542_chr13_46758_C_T,7894448_chr12_649839_A_G,QTL-QTL,-,1.358777951,25.12035632,26.47913427
37,Zeocin,4584558_chr07_845619_C_A,6229227_chr10_396813_A_T,-,vQTL-vQTL,0.879228697,4.279123978,5.158352675
38,Zeocin,5979312_chr10_146898_A_G,9022414_chr13_699630_T_C,-,vQTL-vQTL,2.468631822,28.42907312,30.89770494
39,Zeocin,7891316_chr12_646707_A_G,6229227_chr10_396813_A_T,-,vQTL-vQTL,0.741956659,21.03754062,21.77949728
40,Zeocin,7891316_chr12_646707_A_G,9022414_chr13_699630_T_C,-,vQTL-vQTL,0.645336384,32.58696373,33.23230011
41,Zeocin,11623516_chr16_500681_C_T,10303782_chr15_272236_G_A,-,vQTL-vQTL,0.865050733,5.76893665,6.633987383
42,Zeocin,6028913_chr10_196499_T_C,9022414_chr13_699630_T_C,-,vQTL-vQTL,3.38893574,22.78500972,26.17394546
43,Zeocin,6028913_chr10_196499_T_C,4584558_chr07_845619_C_A,-,vQTL-vQTL,0.984565352,10.18542195,11.16998731
44,Zeocin,6028913_chr10_196499_T_C,10303782_chr15_272236_G_A,-,vQTL-vQTL,0.596541982,11.94910984,12.54565182
45,Zeocin,6028913_chr10_196499_T_C,667642_chr02_437434_A_T,-,vQTL-vQTL,0.613979507,15.84786756,16.46184707
46,Zeocin,10172165_chr15_140619_G_A,5979312_chr10_146898_A_G,-,vQTL-vQTL,0.613868448,25.95482189,26.56869034
47,Zeocin,83285_chr01_83285_A_G,7891316_chr12_646707_A_G,-,vQTL-vQTL,1.337904252,22.66589252,24.00379677
48,Zeocin,83285_chr01_83285_A_G,11623516_chr16_500681_C_T,-,vQTL-vQTL,2.906953985,6.925512187,9.832466171
49,Zeocin,83285_chr01_83285_A_G,10172165_chr15_140619_G_A,-,vQTL-vQTL,0.971340802,17.10452533,18.07586613
50,Zeocin,11385062_chr16_262227_G_A,9022414_chr13_699630_T_C,-,vQTL-vQTL,0.690513791,16.45114019,17.14165398
51,Zeocin,4947385_chr08_117499_G_A,9022414_chr13_699630_T_C,-,vQTL-vQTL,1.461235928,36.43144743,37.89268335
52,Zeocin,4947385_chr08_117499_G_A,10303782_chr15_272236_G_A,-,vQTL-vQTL,0.780342181,26.56172406,27.34206625
53,Zeocin,4947385_chr08_117499_G_A,7891316_chr12_646707_A_G,-,vQTL-vQTL,1.243243681,43.05119468,44.29443836
54,Zeocin,4947385_chr08_117499_G_A,667642_chr02_437434_A_T,-,vQTL-vQTL,1.036587417,32.94921388,33.98580129
55,Zeocin,4947385_chr08_117499_G_A,10172165_chr15_140619_G_A,-,vQTL-vQTL,1.617426498,39.11724191,40.7346684
56,Zeocin,4947385_chr08_117499_G_A,83285_chr01_83285_A_G,-,vQTL-vQTL,0.88512735,27.29013501,28.17526236
57,Zeocin,4319121_chr07_580182_G_T,10303782_chr15_272236_G_A,-,vQTL-vQTL,1.287242601,4.365459615,5.652702216
58,Zeocin,4319121_chr07_580182_G_T,7891316_chr12_646707_A_G,-,vQTL-vQTL,0.670380478,20.45253713,21.12291761
59,Zeocin,4319121_chr07_580182_G_T,11623516_chr16_500681_C_T,-,vQTL-vQTL,0.67994385,5.241558462,5.921502311
60,Zeocin,4319121_chr07_580182_G_T,667642_chr02_437434_A_T,-,vQTL-vQTL,0.688918227,9.023422373,9.7123406
61,Zeocin,4319121_chr07_580182_G_T,10172165_chr15_140619_G_A,-,vQTL-vQTL,0.849999529,14.05052788,14.90052741
62,Neomycin,10225457_chr15_193911_C_T,7904380_chr12_659771_C_T,QTL-QTL,-,1.421316004,21.07181956,22.49313557
63,Neomycin,8583962_chr13_261178_G_A,194469_chr01_194469_C_T,QTL-QTL,-,2.178302789,88.69115085,90.86945364
64,Neomycin,8583962_chr13_261178_G_A,6465891_chr10_633477_T_C,QTL-QTL,-,1.557895533,83.47579611,85.03369165
65,Neomycin,8583962_chr13_261178_G_A,5643011_chr09_250482_T_G,QTL-QTL,-,2.525033089,85.50221161,88.0272447
66,Neomycin,9623528_chr14_376315_C_T,8583962_chr13_261178_G_A,QTL-QTL,-,1.59169334,87.64822114,89.23991448
67,Neomycin,6401189_chr10_568775_C_T,4300528_chr07_561589_A_C,-,vQTL-vQTL,1.27589111,9.400108871,10.67599998
68,Neomycin,6401189_chr10_568775_C_T,3583477_chr06_114686_A_G,-,vQTL-vQTL,0.991109378,5.094143005,6.085252383
69,Neomycin,8609095_chr13_286311_C_G,3274726_chr05_382804_T_C,-,vQTL-vQTL,1.050512801,80.15409244,81.20460524
70,Neomycin,8609095_chr13_286311_C_G,6401189_chr10_568775_C_T,-,vQTL-vQTL,3.818892354,75.62549061,79.44438296
71,Neomycin,9942333_chr14_695120_G_A,8609095_chr13_286311_C_G,-,vQTL-vQTL,1.932065629,73.18516668,75.11723231
72,Neomycin,6426622_chr10_594208_T_C,4300528_chr07_561589_A_C,-,vQTL-vQTL,1.153926792,10.51944804,11.67337483
73,Neomycin,6426622_chr10_594208_T_C,4190251_chr07_451312_A_G,-,vQTL-vQTL,1.040616055,9.987325467,11.02794152
74,Neomycin,6426622_chr10_594208_T_C,8609095_chr13_286311_C_G,-,vQTL-vQTL,2.857845423,76.03921392,78.89705935
75,Neomycin,9621874_chr14_374661_C_T,5970691_chr10_138277_A_G,-,vQTL-vQTL,1.982082462,8.909140359,10.89122282
76,Neomycin,9621874_chr14_374661_C_T,8609095_chr13_286311_C_G,-,vQTL-vQTL,1.272709726,80.43443797,81.7071477
77,Neomycin,7907105_chr12_662496_C_G,9942333_chr14_695120_G_A,-,vQTL-vQTL,1.669389404,16.27677612,17.94616553
78,Neomycin,1293568_chr03_250182_T_A,4300528_chr07_561589_A_C,-,vQTL-vQTL,1.199311204,7.633778919,8.833090123
79,Neomycin,1293568_chr03_250182_T_A,3895002_chr07_156063_T_C,-,vQTL-vQTL,1.014574936,3.618161854,4.63273679
80,Neomycin,1293568_chr03_250182_T_A,5970691_chr10_138277_A_G,-,vQTL-vQTL,2.174800826,3.771550975,5.946351801
81,Neomycin,1293568_chr03_250182_T_A,6401189_chr10_568775_C_T,-,vQTL-vQTL,0.94015868,3.306257715,4.246416396
82,Neomycin,1293568_chr03_250182_T_A,8609095_chr13_286311_C_G,-,vQTL-vQTL,1.297049863,72.85059393,74.14764379
83,Neomycin,3944252_chr07_205313_T_A,5970691_chr10_138277_A_G,-,vQTL-vQTL,1.012979911,6.211288342,7.224268252
84,Neomycin,3944252_chr07_205313_T_A,8609095_chr13_286311_C_G,-,vQTL-vQTL,0.892732436,75.75072211,76.64345455
85,Neomycin,3944252_chr07_205313_T_A,1293568_chr03_250182_T_A,-,vQTL-vQTL,1.056221618,3.922642503,4.978864121
86,Neomycin,6656285_chr11_78130_T_C,2088392_chr04_728389_C_A,-,vQTL-vQTL,2.110647498,4.811758419,6.922405917
87,Neomycin,5649323_chr09_256794_T_C,3583477_chr06_114686_A_G,-,vQTL-vQTL,1.074004742,6.447596494,7.521601236
88,Neomycin,5649323_chr09_256794_T_C,8609095_chr13_286311_C_G,-,vQTL-vQTL,3.577128532,79.27558278,82.85271131
89,Neomycin,1760710_chr04_400707_T_A,8609095_chr13_286311_C_G,-,vQTL-vQTL,1.248906391,75.21536888,76.46427527
90,Neomycin,1760710_chr04_400707_T_A,9621874_chr14_374661_C_T,-,vQTL-vQTL,1.099366294,10.16196578,11.26133208
91,Neomycin,195453_chr01_195453_T_C,8609095_chr13_286311_C_G,-,vQTL-vQTL,1.558416264,81.21713464,82.7755509
92,Neomycin,195453_chr01_195453_T_C,6426622_chr10_594208_T_C,-,vQTL-vQTL,1.015448305,10.90358471,11.91903302
93,Neomycin,195453_chr01_195453_T_C,9621874_chr14_374661_C_T,-,vQTL-vQTL,1.069892893,12.17237963,13.24227253
94,Neomycin,8196130_chr12_951521_T_C,8609095_chr13_286311_C_G,-,vQTL-vQTL,1.0662396,74.18011396,75.24635356
95,Neomycin,11355207_chr16_232372_T_C,8609095_chr13_286311_C_G,-,vQTL-vQTL,1.989833957,74.69800074,76.6878347
96,Neomycin,11355207_chr16_232372_T_C,7907105_chr12_662496_C_G,-,vQTL-vQTL,2.906596765,17.2093938,20.11599057
97,Diamide,6296548_chr10_464134_T_C,8584039_chr13_261255_A_G,-,vQTL-vQTL,0.760751091,18.21910426,18.97985535
98,Diamide,11498025_chr16_375190_A_T,8425338_chr13_102554_C_T,-,vQTL-vQTL,0.654524144,21.06500555,21.7195297
99,Diamide,11498025_chr16_375190_A_T,6781921_chr11_203766_C_T,-,vQTL-vQTL,1.010639147,13.3692736,14.37991275
100,Diamide,4926536_chr08_96650_T_A,6296548_chr10_464134_T_C,-,vQTL-vQTL,0.965820338,14.21468819,15.18050852
101,Diamide,4926536_chr08_96650_T_A,4013393_chr07_274454_A_C,-,vQTL-vQTL,1.467130942,16.4047036,17.87183454
102,Diamide,6716623_chr11_138468_G_A,11498025_chr16_375190_A_T,-,vQTL-vQTL,0.875233025,10.59055277,11.46578579
103,Diamide,5283420_chr08_453534_C_T,4926536_chr08_96650_T_A,-,vQTL-vQTL,0.802622582,15.30965813,16.11228071
104,Diamide,4137514_chr07_398575_G_A,8425338_chr13_102554_C_T,-,vQTL-vQTL,1.187823472,26.59005968,27.77788315
105,Diamide,4137514_chr07_398575_G_A,4926536_chr08_96650_T_A,-,vQTL-vQTL,0.794885568,27.82625782,28.62114339
106,Diamide,8543509_chr13_220725_A_G,9947381_chr14_700168_C_T,-,vQTL-vQTL,0.625365794,16.63513295,17.26049875
107,Diamide,856658_chr02_626450_G_A,11498025_chr16_375190_A_T,-,vQTL-vQTL,0.93388214,15.79702034,16.73090248
108,Diamide,856658_chr02_626450_G_A,9947381_chr14_700168_C_T,-,vQTL-vQTL,1.207403394,8.289151828,9.496555222
109,Diamide,856658_chr02_626450_G_A,793730_chr02_563522_T_C,-,vQTL-vQTL,0.942047962,10.21441207,11.15646003
110,Diamide,52940_chr01_52940_C_T,8584039_chr13_261255_A_G,-,vQTL-vQTL,1.105014202,20.7717604,21.8767746
111,Diamide,52940_chr01_52940_C_T,6781921_chr11_203766_C_T,-,vQTL-vQTL,1.219723822,6.531866945,7.751590767
112,Diamide,52940_chr01_52940_C_T,8543509_chr13_220725_A_G,-,vQTL-vQTL,1.510241215,18.46616232,19.97640354
113,Diamide,52940_chr01_52940_C_T,793730_chr02_563522_T_C,-,vQTL-vQTL,0.831072638,11.83316836,12.664241
114,Diamide,52940_chr01_52940_C_T,856658_chr02_626450_G_A,-,vQTL-vQTL,0.665168734,9.875145701,10.54031444
115,Magnesium_Sulfate,7893869_chr12_649260_C_T,10188393_chr15_156847_T_C,QTL-QTL,-,4.221812405,30.80283574,35.02464815
116,Magnesium_Sulfate,3926477_chr07_187538_T_A,10188393_chr15_156847_T_C,QTL-QTL,-,12.43418994,74.05163398,86.48582392
117,Magnesium_Sulfate,3926477_chr07_187538_T_A,7893869_chr12_649260_C_T,QTL-QTL,-,4.121349347,62.04404651,66.16539586
118,Magnesium_Sulfate,690404_chr02_460196_A_G,10188393_chr15_156847_T_C,QTL-QTL,-,1.605297615,23.98743985,25.59273747
119,Magnesium_Sulfate,690404_chr02_460196_A_G,3926477_chr07_187538_T_A,QTL-QTL,-,3.045498211,55.17460753,58.22010574
120,Magnesium_Sulfate,4566135_chr07_827196_T_C,10188393_chr15_156847_T_C,QTL-QTL,-,2.355341531,26.94697045,29.30231198
121,Magnesium_Sulfate,4566135_chr07_827196_T_C,3926477_chr07_187538_T_A,QTL-QTL,-,3.469654316,59.83561128,63.3052656
122,Magnesium_Sulfate,8543509_chr13_220725_A_G,3926477_chr07_187538_T_A,QTL-QTL,-,2.24221464,54.56090325,56.80311789
123,Magnesium_Sulfate,9662196_chr14_414983_T_C,10403602_chr15_372056_C_T,-,vQTL-vQTL,0.755099182,3.738905698,4.49400488
124,Magnesium_Sulfate,3926477_chr07_187538_T_A,8538118_chr13_215334_T_C,-,vQTL-vQTL,3.287132345,54.07696002,57.36409237
125,Magnesium_Sulfate,3926477_chr07_187538_T_A,10403602_chr15_372056_C_T,-,vQTL-vQTL,1.052371246,52.79662526,53.84899651
126,Magnesium_Sulfate,3926477_chr07_187538_T_A,893681_chr02_663473_C_T,-,vQTL-vQTL,0.897766921,51.46173022,52.35949714
127,Magnesium_Sulfate,3926477_chr07_187538_T_A,9662196_chr14_414983_T_C,-,vQTL-vQTL,1.91904186,53.33443419,55.25347605
128,Magnesium_Sulfate,3926477_chr07_187538_T_A,8118333_chr12_873724_G_C,-,vQTL-vQTL,0.732697634,52.00873317,52.7414308
129,Magnesium_Sulfate,3926477_chr07_187538_T_A,777761_chr02_547553_C_T,-,vQTL-vQTL,1.828946637,52.60439686,54.43334349
130,Magnesium_Sulfate,7893869_chr12_649260_C_T,10403602_chr15_372056_C_T,-,vQTL-vQTL,1.118280884,10.94127844,12.05955933
131,Magnesium_Sulfate,7893869_chr12_649260_C_T,8118333_chr12_873724_G_C,-,vQTL-vQTL,0.779261002,10.80044465,11.57970565
132,Magnesium_Sulfate,7893869_chr12_649260_C_T,3926477_chr07_187538_T_A,-,vQTL-vQTL,4.121349347,62.04404651,66.16539586
133,Magnesium_Sulfate,4566135_chr07_827196_T_C,8118333_chr12_873724_G_C,-,vQTL-vQTL,1.29051038,10.01806086,11.30857124
134,Magnesium_Sulfate,4566135_chr07_827196_T_C,777761_chr02_547553_C_T,-,vQTL-vQTL,0.811059425,10.9961912,11.80725063
135,Magnesium_Sulfate,4566135_chr07_827196_T_C,3926477_chr07_187538_T_A,-,vQTL-vQTL,3.469654316,59.83561128,63.3052656
136,Magnesium_Sulfate,11300424_chr16_177589_C_T,9662196_chr14_414983_T_C,-,vQTL-vQTL,0.73562057,4.290044028,5.025664597
137,Magnesium_Sulfate,11300424_chr16_177589_C_T,3926477_chr07_187538_T_A,-,vQTL-vQTL,2.418171793,54.06671075,56.48488254
138,Magnesium_Sulfate,8056495_chr12_811886_T_C,10403602_chr15_372056_C_T,-,vQTL-vQTL,0.739392002,3.699971288,4.43936329
139,Magnesium_Sulfate,8056495_chr12_811886_T_C,3926477_chr07_187538_T_A,-,vQTL-vQTL,1.041877088,52.58224739,53.62412448
140,Magnesium_Sulfate,8056495_chr12_811886_T_C,4566135_chr07_827196_T_C,-,vQTL-vQTL,1.574919129,10.45238842,12.02730754
141,Magnesium_Sulfate,10188393_chr15_156847_T_C,777761_chr02_547553_C_T,-,vQTL-vQTL,1.744304943,21.77453041,23.51883536
142,Magnesium_Sulfate,10188393_chr15_156847_T_C,3926477_chr07_187538_T_A,-,vQTL-vQTL,12.43418994,74.05163398,86.48582392
143,Magnesium_Sulfate,10188393_chr15_156847_T_C,7893869_chr12_649260_C_T,-,vQTL-vQTL,4.221812405,30.80283574,35.02464815
144,Magnesium_Sulfate,10188393_chr15_156847_T_C,4566135_chr07_827196_T_C,-,vQTL-vQTL,2.355341531,26.94697045,29.30231198
145,Magnesium_Sulfate,4680982_chr07_942043_G_C,8118333_chr12_873724_G_C,-,vQTL-vQTL,1.308524598,8.84991885,10.15844345
146,Magnesium_Sulfate,4680982_chr07_942043_G_C,3926477_chr07_187538_T_A,-,vQTL-vQTL,3.2908538,59.94642666,63.23728046
147,Magnesium_Sulfate,4680982_chr07_942043_G_C,7893869_chr12_649260_C_T,-,vQTL-vQTL,0.801150423,15.39109465,16.19224507
148,Magnesium_Sulfate,4680982_chr07_942043_G_C,4566135_chr07_827196_T_C,-,vQTL-vQTL,1.379546307,11.0182079,12.39775421
149,Magnesium_Sulfate,4680982_chr07_942043_G_C,8056495_chr12_811886_T_C,-,vQTL-vQTL,0.813939447,8.973110157,9.787049604
150,Magnesium_Sulfate,4680982_chr07_942043_G_C,10188393_chr15_156847_T_C,-,vQTL-vQTL,2.08848151,25.17270593,27.26118744
151,Magnesium_Sulfate,4747987_chr07_1009048_G_A,8118333_chr12_873724_G_C,-,vQTL-vQTL,1.191602827,6.173958695,7.365561522
152,Magnesium_Sulfate,4747987_chr07_1009048_G_A,3926477_chr07_187538_T_A,-,vQTL-vQTL,2.577599334,56.17740696,58.7550063
153,Magnesium_Sulfate,4747987_chr07_1009048_G_A,11300424_chr16_177589_C_T,-,vQTL-vQTL,0.981577149,6.229859342,7.211436491
154,Magnesium_Sulfate,4747987_chr07_1009048_G_A,10188393_chr15_156847_T_C,-,vQTL-vQTL,3.504463917,23.34647473,26.85093864
155,Magnesium_Sulfate,7987398_chr12_742789_T_C,10403602_chr15_372056_C_T,-,vQTL-vQTL,1.746915995,6.529137824,8.276053819
156,Magnesium_Sulfate,7987398_chr12_742789_T_C,3926477_chr07_187538_T_A,-,vQTL-vQTL,2.78033681,55.36860145,58.14893826
157,Magnesium_Sulfate,7987398_chr12_742789_T_C,4566135_chr07_827196_T_C,-,vQTL-vQTL,2.58889581,13.31621764,15.90511345
158,Magnesium_Sulfate,7987398_chr12_742789_T_C,10188393_chr15_156847_T_C,-,vQTL-vQTL,1.608905524,23.85524239,25.46414791
159,Magnesium_Sulfate,7987398_chr12_742789_T_C,4680982_chr07_942043_G_C,-,vQTL-vQTL,3.785601108,11.53084634,15.31644745
160,Magnesium_Sulfate,7987398_chr12_742789_T_C,4747987_chr07_1009048_G_A,-,vQTL-vQTL,1.65402775,8.870828333,10.52485608
161,Magnesium_Sulfate,2768448_chr04_1408445_C_G,8118333_chr12_873724_G_C,-,vQTL-vQTL,1.525070758,5.007508452,6.532579209
162,Magnesium_Sulfate,2768448_chr04_1408445_C_G,3926477_chr07_187538_T_A,-,vQTL-vQTL,2.087567655,54.52240126,56.60996891
163,Magnesium_Sulfate,2768448_chr04_1408445_C_G,7893869_chr12_649260_C_T,-,vQTL-vQTL,0.826347205,12.61508808,13.44143529
164,Magnesium_Sulfate,2768448_chr04_1408445_C_G,8056495_chr12_811886_T_C,-,vQTL-vQTL,1.173296145,5.374171227,6.547467372
165,Magnesium_Sulfate,2768448_chr04_1408445_C_G,10188393_chr15_156847_T_C,-,vQTL-vQTL,1.579804196,22.00667213,23.58647633
166,Magnesium_Sulfate,2768448_chr04_1408445_C_G,7987398_chr12_742789_T_C,-,vQTL-vQTL,1.067014501,8.316772282,9.383786784
167,Magnesium_Sulfate,3094391_chr05_202469_C_T,3926477_chr07_187538_T_A,-,vQTL-vQTL,0.752940486,53.15106003,53.90400051
168,Magnesium_Sulfate,7097707_chr11_519552_G_A,3926477_chr07_187538_T_A,-,vQTL-vQTL,1.194502106,52.10500393,53.29950604
169,Magnesium_Sulfate,7097707_chr11_519552_G_A,4566135_chr07_827196_T_C,-,vQTL-vQTL,1.242543758,9.973215506,11.21575926
170,Magnesium_Sulfate,7097707_chr11_519552_G_A,4680982_chr07_942043_G_C,-,vQTL-vQTL,1.728414034,8.418835437,10.14724947
171,Magnesium_Sulfate,7097707_chr11_519552_G_A,4747987_chr07_1009048_G_A,-,vQTL-vQTL,0.854085413,6.020479858,6.874565271
172,Magnesium_Sulfate,7097707_chr11_519552_G_A,3094391_chr05_202469_C_T,-,vQTL-vQTL,1.086190997,4.223678685,5.309869683
173,Magnesium_Sulfate,705752_chr02_475544_A_G,9662196_chr14_414983_T_C,-,vQTL-vQTL,1.186797936,7.143841096,8.330639032
174,Magnesium_Sulfate,705752_chr02_475544_A_G,8118333_chr12_873724_G_C,-,vQTL-vQTL,0.946574543,6.990832524,7.937407067
175,Magnesium_Sulfate,705752_chr02_475544_A_G,3926477_chr07_187538_T_A,-,vQTL-vQTL,3.505831697,55.1014812,58.60731289
176,Magnesium_Sulfate,705752_chr02_475544_A_G,11300424_chr16_177589_C_T,-,vQTL-vQTL,0.732739089,6.511705673,7.244444763
177,Magnesium_Sulfate,705752_chr02_475544_A_G,10188393_chr15_156847_T_C,-,vQTL-vQTL,1.429200623,23.59551941,25.02472003
178,Magnesium_Sulfate,705752_chr02_475544_A_G,2768448_chr04_1408445_C_G,-,vQTL-vQTL,1.123557598,7.7942602,8.917817798
179,Tunicamycin,5944313_chr10_111899_C_T,8368585_chr13_45801_T_C,QTL-QTL,-,1.568332193,16.2579453,17.82627749
180,Tunicamycin,2735257_chr04_1375254_C_T,6490114_chr10_657700_C_T,QTL-QTL,-,1.727052748,51.64597086,53.37302361
181,Tunicamycin,9754134_chr14_506921_G_A,3397115_chr05_505193_G_A,-,vQTL-vQTL,0.160839797,2.464725657,2.625565454
182,Tunicamycin,9754134_chr14_506921_G_A,4118685_chr07_379746_A_G,-,vQTL-vQTL,1.08019018,2.955302072,4.035492252
183,Tunicamycin,11690862_chr16_568027_C_T,3397115_chr05_505193_G_A,-,vQTL-vQTL,0.306385012,0.987886443,1.294271455
184,Tunicamycin,11690862_chr16_568027_C_T,4118685_chr07_379746_A_G,-,vQTL-vQTL,0.724625666,1.480966938,2.205592604
185,Tunicamycin,11690862_chr16_568027_C_T,9754134_chr14_506921_G_A,-,vQTL-vQTL,0.149453645,3.280048898,3.429502544
186,Tunicamycin,5546621_chr09_154092_G_A,3397115_chr05_505193_G_A,-,vQTL-vQTL,0.074648116,0.495174449,0.569822565
187,Tunicamycin,5546621_chr09_154092_G_A,9754134_chr14_506921_G_A,-,vQTL-vQTL,0.152583016,2.648028804,2.80061182
188,Tunicamycin,5546621_chr09_154092_G_A,11690862_chr16_568027_C_T,-,vQTL-vQTL,0.188416526,1.340423273,1.528839798
189,Indoleacetic_Acid,1235314_chr03_191928_C_T,8732386_chr13_409602_T_C,QTL-QTL,-,0.938711205,14.31946323,15.25817443
190,Indoleacetic_Acid,1235314_chr03_191928_C_T,2375754_chr04_1015751_C_G,QTL-QTL,-,3.187399168,22.33837767,25.52577684
191,Indoleacetic_Acid,4928366_chr08_98480_A_T,8732386_chr13_409602_T_C,QTL-QTL,-,1.064780949,26.8186924,27.88347335
192,Indoleacetic_Acid,4928366_chr08_98480_A_T,2375754_chr04_1015751_C_G,QTL-QTL,-,10.23907254,36.8350786,47.07415114
193,Indoleacetic_Acid,4928366_chr08_98480_A_T,1235314_chr03_191928_C_T,QTL-QTL,-,11.50228723,32.95274752,44.45503475
194,Indoleacetic_Acid,9632917_chr14_385704_A_T,1235314_chr03_191928_C_T,QTL-QTL,-,0.923271715,40.30278509,41.22605681
195,Indoleacetic_Acid,9632917_chr14_385704_A_T,4928366_chr08_98480_A_T,QTL-QTL,-,0.761123186,52.41496195,53.17608514
196,Indoleacetic_Acid,10325929_chr15_294383_G_A,1234147_chr03_190761_C_T,-,vQTL-vQTL,1.22340739,10.76241023,11.98581762
197,Indoleacetic_Acid,8003773_chr12_759164_A_G,10325929_chr15_294383_G_A,-,vQTL-vQTL,1.80896465,3.147917517,4.956882167
198,Indoleacetic_Acid,9884944_chr14_637731_G_C,1234147_chr03_190761_C_T,-,vQTL-vQTL,2.359013685,13.2237177,15.58273139
199,Indoleacetic_Acid,8735817_chr13_413033_A_G,1234147_chr03_190761_C_T,-,vQTL-vQTL,1.618218492,14.29887502,15.91709351
200,Indoleacetic_Acid,8735817_chr13_413033_A_G,10325929_chr15_294383_G_A,-,vQTL-vQTL,1.33899187,6.115755281,7.454747151
201,Indoleacetic_Acid,2357624_chr04_997621_A_G,1234147_chr03_190761_C_T,-,vQTL-vQTL,4.082875291,21.69123745,25.77411274
202,Indoleacetic_Acid,2357624_chr04_997621_A_G,8074979_chr12_830370_G_A,-,vQTL-vQTL,1.225811808,12.89502077,14.12083257
203,Indoleacetic_Acid,2357624_chr04_997621_A_G,10325929_chr15_294383_G_A,-,vQTL-vQTL,1.069504269,13.20071672,14.27022099
204,Indoleacetic_Acid,2357624_chr04_997621_A_G,8003773_chr12_759164_A_G,-,vQTL-vQTL,0.574242589,13.9295269,14.50376949
205,Indoleacetic_Acid,2357624_chr04_997621_A_G,9884944_chr14_637731_G_C,-,vQTL-vQTL,0.742279566,14.6941513,15.43643086
206,Indoleacetic_Acid,5687514_chr09_294985_G_A,1234147_chr03_190761_C_T,-,vQTL-vQTL,0.679200691,10.16053719,10.83973788
207,Indoleacetic_Acid,5687514_chr09_294985_G_A,8074979_chr12_830370_G_A,-,vQTL-vQTL,0.827799855,1.49019919,2.317999045
208,Indoleacetic_Acid,5687514_chr09_294985_G_A,9884944_chr14_637731_G_C,-,vQTL-vQTL,2.389285526,4.282805955,6.672091481
209,Indoleacetic_Acid,5687514_chr09_294985_G_A,2357624_chr04_997621_A_G,-,vQTL-vQTL,0.969095774,12.84815322,13.817249
210,Indoleacetic_Acid,10478910_chr15_447364_T_C,8003773_chr12_759164_A_G,-,vQTL-vQTL,0.643506461,2.547259838,3.190766299
211,Indoleacetic_Acid,10478910_chr15_447364_T_C,8735817_chr13_413033_A_G,-,vQTL-vQTL,0.602984219,5.509415972,6.112400191
212,Indoleacetic_Acid,10195056_chr15_163510_T_C,8074979_chr12_830370_G_A,-,vQTL-vQTL,0.882224675,1.036951996,1.919176671
213,Indoleacetic_Acid,10195056_chr15_163510_T_C,8003773_chr12_759164_A_G,-,vQTL-vQTL,4.245879248,2.06090288,6.306782128
214,Indoleacetic_Acid,10195056_chr15_163510_T_C,9884944_chr14_637731_G_C,-,vQTL-vQTL,0.703186296,3.832619439,4.535805735
215,Indoleacetic_Acid,4930902_chr08_101016_G_A,1234147_chr03_190761_C_T,-,vQTL-vQTL,10.3565226,32.54385986,42.90038246
216,Indoleacetic_Acid,4930902_chr08_101016_G_A,8074979_chr12_830370_G_A,-,vQTL-vQTL,1.535742918,22.7478392,24.28358212
217,Indoleacetic_Acid,4930902_chr08_101016_G_A,10325929_chr15_294383_G_A,-,vQTL-vQTL,3.969902124,22.6112696,26.58117173
218,Indoleacetic_Acid,4930902_chr08_101016_G_A,8003773_chr12_759164_A_G,-,vQTL-vQTL,1.284534016,23.07855503,24.36308905
219,Indoleacetic_Acid,4930902_chr08_101016_G_A,9884944_chr14_637731_G_C,-,vQTL-vQTL,2.31107118,25.63940921,27.95048039
220,Indoleacetic_Acid,4930902_chr08_101016_G_A,8735817_chr13_413033_A_G,-,vQTL-vQTL,1.525881971,26.86477068,28.39065265
221,Indoleacetic_Acid,4930902_chr08_101016_G_A,2357624_chr04_997621_A_G,-,vQTL-vQTL,12.4061456,36.40448349,48.81062909
222,Indoleacetic_Acid,4930902_chr08_101016_G_A,5687514_chr09_294985_G_A,-,vQTL-vQTL,2.186854045,21.83355074,24.02040478
223,Indoleacetic_Acid,4930902_chr08_101016_G_A,10478910_chr15_447364_T_C,-,vQTL-vQTL,1.990442294,21.75099841,23.7414407
224,Indoleacetic_Acid,4930902_chr08_101016_G_A,10195056_chr15_163510_T_C,-,vQTL-vQTL,2.046390414,21.89536375,23.94175417
225,Indoleacetic_Acid,6006147_chr10_173733_T_C,1234147_chr03_190761_C_T,-,vQTL-vQTL,0.676598456,11.38250552,12.05910398
226,Indoleacetic_Acid,6006147_chr10_173733_T_C,10325929_chr15_294383_G_A,-,vQTL-vQTL,1.059389394,3.249872121,4.309261516
227,Indoleacetic_Acid,6006147_chr10_173733_T_C,9884944_chr14_637731_G_C,-,vQTL-vQTL,0.690456548,5.70523034,6.395686888
228,Indoleacetic_Acid,6006147_chr10_173733_T_C,2357624_chr04_997621_A_G,-,vQTL-vQTL,0.642043379,14.29915785,14.94120123
229,Indoleacetic_Acid,6006147_chr10_173733_T_C,10478910_chr15_447364_T_C,-,vQTL-vQTL,1.130040545,2.749880113,3.879920657
230,Indoleacetic_Acid,6006147_chr10_173733_T_C,4930902_chr08_101016_G_A,-,vQTL-vQTL,1.915739457,22.83083724,24.7465767
231,Indoleacetic_Acid,9713318_chr14_466105_G_A,1234147_chr03_190761_C_T,-,vQTL-vQTL,5.254939207,28.85097894,34.10591815
232,Indoleacetic_Acid,9713318_chr14_466105_G_A,10325929_chr15_294383_G_A,-,vQTL-vQTL,1.893573054,18.91133258,20.80490564
233,Indoleacetic_Acid,9713318_chr14_466105_G_A,2357624_chr04_997621_A_G,-,vQTL-vQTL,2.355070842,30.38046933,32.73554017
234,Indoleacetic_Acid,9713318_chr14_466105_G_A,5687514_chr09_294985_G_A,-,vQTL-vQTL,2.126928089,18.65171242,20.77864051
235,Indoleacetic_Acid,9713318_chr14_466105_G_A,10478910_chr15_447364_T_C,-,vQTL-vQTL,1.291590105,18.36850682,19.66009693
236,Indoleacetic_Acid,9713318_chr14_466105_G_A,10195056_chr15_163510_T_C,-,vQTL-vQTL,0.722708568,18.33681483,19.0595234
237,Indoleacetic_Acid,9713318_chr14_466105_G_A,4930902_chr08_101016_G_A,-,vQTL-vQTL,6.574101676,41.19043141,47.76453308
238,Formamide,9734464_chr14_487251_G_C,4931376_chr08_101490_G_A,QTL-QTL,-,3.72043834,27.64542669,31.36586503
239,Formamide,2357624_chr04_997621_A_G,4931376_chr08_101490_G_A,QTL-QTL,-,7.346457601,27.67679338,35.02325098
240,Formamide,2357624_chr04_997621_A_G,9734464_chr14_487251_G_C,QTL-QTL,-,3.043645572,10.8874239,13.93106947
241,Formamide,1239713_chr03_196327_C_T,10194799_chr15_163253_T_C,QTL-QTL,-,1.166992928,12.32172588,13.48871881
242,Formamide,1239713_chr03_196327_C_T,4931376_chr08_101490_G_A,QTL-QTL,-,1.850112171,25.82579341,27.67590558
243,Formamide,2339983_chr04_979980_A_G,9713803_chr14_466590_T_G,-,vQTL-vQTL,5.155260183,9.912474242,15.06773443
244,Formamide,10375467_chr15_343921_A_G,9713803_chr14_466590_T_G,-,vQTL-vQTL,0.796314872,6.415353793,7.211668665
245,Formamide,10375467_chr15_343921_A_G,2339983_chr04_979980_A_G,-,vQTL-vQTL,0.5620657,6.470039149,7.032104849
246,Formamide,4909394_chr08_79508_T_C,9713803_chr14_466590_T_G,-,vQTL-vQTL,5.275949298,22.7556417,28.031591
247,Formamide,4909394_chr08_79508_T_C,10478910_chr15_447364_T_C,-,vQTL-vQTL,0.497246743,17.29184136,17.7890881
248,Formamide,4909394_chr08_79508_T_C,2339983_chr04_979980_A_G,-,vQTL-vQTL,7.636450956,22.77269716,30.40914811
249,Formamide,4909394_chr08_79508_T_C,10375467_chr15_343921_A_G,-,vQTL-vQTL,1.144636016,18.57490376,19.71953978
250,Formamide,3656550_chr06_187759_G_A,9713803_chr14_466590_T_G,-,vQTL-vQTL,0.281681474,6.121791275,6.403472749
251,Formamide,3656550_chr06_187759_G_A,2339983_chr04_979980_A_G,-,vQTL-vQTL,0.968231975,6.140016145,7.10824812
252,Formamide,9875845_chr14_628632_G_C,4909394_chr08_79508_T_C,-,vQTL-vQTL,0.807354253,18.65296343,19.46031769
253,Formamide,9875845_chr14_628632_G_C,3656550_chr06_187759_G_A,-,vQTL-vQTL,0.714659619,2.54858366,3.263243279
254,Formamide,7354315_chr12_109706_T_A,9713803_chr14_466590_T_G,-,vQTL-vQTL,0.378920032,5.639736727,6.018656759
255,Formamide,7354315_chr12_109706_T_A,2339983_chr04_979980_A_G,-,vQTL-vQTL,0.709928958,5.60248862,6.312417578
256,Formamide,7354315_chr12_109706_T_A,4909394_chr08_79508_T_C,-,vQTL-vQTL,0.979599924,18.08964865,19.06924858
257,Formamide,7354315_chr12_109706_T_A,3656550_chr06_187759_G_A,-,vQTL-vQTL,0.684725155,2.40252568,3.087250835
258,Formamide,7354315_chr12_109706_T_A,9875845_chr14_628632_G_C,-,vQTL-vQTL,0.454927772,2.131864901,2.586792673
259,Hydroquinone,11729218_chr16_606383_C_T,10261611_chr15_230065_C_T,QTL-QTL,-,1.625716168,19.51251605,21.13823222
260,Hydroquinone,1823264_chr04_463261_C_A,10261611_chr15_230065_C_T,QTL-QTL,-,1.287778387,38.15125103,39.43902942
261,Hydroquinone,11331581_chr16_208746_G_A,10261611_chr15_230065_C_T,QTL-QTL,-,1.116477913,21.0731639,22.18964181
262,Hydroquinone,11331581_chr16_208746_G_A,10258695_chr15_227149_A_C,-,vQTL-vQTL,1.051196051,20.82889728,21.88009334
263,Hydroquinone,1823264_chr04_463261_C_A,3158912_chr05_266990_T_C,-,vQTL-vQTL,0.780471898,24.03279422,24.81326612
264,Hydroquinone,1823264_chr04_463261_C_A,2975060_chr05_83138_G_A,-,vQTL-vQTL,0.858955045,24.14246691,25.00142196
265,Hydroquinone,1823264_chr04_463261_C_A,10258695_chr15_227149_A_C,-,vQTL-vQTL,1.40827958,38.06255015,39.47082973
266,Hydroquinone,10108704_chr15_77158_G_T,2975060_chr05_83138_G_A,-,vQTL-vQTL,0.681788657,7.087003739,7.768792396
267,Hydroquinone,10108704_chr15_77158_G_T,1823264_chr04_463261_C_A,-,vQTL-vQTL,3.22116899,27.20668651,30.4278555
268,Hydroquinone,6461538_chr10_629124_T_C,10258695_chr15_227149_A_C,-,vQTL-vQTL,1.546890252,17.71279287,19.25968312
269,Hydroquinone,6461538_chr10_629124_T_C,1823264_chr04_463261_C_A,-,vQTL-vQTL,0.897237161,24.78664896,25.68388613
270,Hydroquinone,6461538_chr10_629124_T_C,10108704_chr15_77158_G_T,-,vQTL-vQTL,2.471933408,8.101540627,10.57347403
271,Hydroquinone,5018700_chr08_188814_C_T,10258695_chr15_227149_A_C,-,vQTL-vQTL,0.985709385,17.14768903,18.13339842
272,Hydroquinone,5018700_chr08_188814_C_T,11331581_chr16_208746_G_A,-,vQTL-vQTL,1.557202403,7.361408507,8.918610911
273,Hydroquinone,5018700_chr08_188814_C_T,1823264_chr04_463261_C_A,-,vQTL-vQTL,0.80080356,23.31298825,24.11379181
274,Hydroquinone,5018700_chr08_188814_C_T,10108704_chr15_77158_G_T,-,vQTL-vQTL,1.890032975,7.245479469,9.135512444
275,Hydroquinone,3081520_chr05_189598_A_G,1823264_chr04_463261_C_A,-,vQTL-vQTL,0.645377031,25.47860551,26.12398254
276,Hydroquinone,11645942_chr16_523107_G_A,10258695_chr15_227149_A_C,-,vQTL-vQTL,1.755907742,18.84638907,20.60229682
277,Hydroquinone,11645942_chr16_523107_G_A,1823264_chr04_463261_C_A,-,vQTL-vQTL,0.680053099,24.61597021,25.29602331
278,Hydroquinone,11645942_chr16_523107_G_A,10108704_chr15_77158_G_T,-,vQTL-vQTL,1.174811303,9.400619407,10.57543071
279,Hydroquinone,11645942_chr16_523107_G_A,5018700_chr08_188814_C_T,-,vQTL-vQTL,0.568891001,5.769242933,6.338133934
280,Hydroquinone,10661629_chr15_630083_A_G,2975060_chr05_83138_G_A,-,vQTL-vQTL,0.68150658,5.16368778,5.845194359
281,Hydroquinone,10661629_chr15_630083_A_G,1823264_chr04_463261_C_A,-,vQTL-vQTL,0.950070713,24.64882313,25.59889384
282,Hydroquinone,10661629_chr15_630083_A_G,10108704_chr15_77158_G_T,-,vQTL-vQTL,0.655320217,7.95759492,8.612915137
283,Hydroquinone,10661629_chr15_630083_A_G,3081520_chr05_189598_A_G,-,vQTL-vQTL,2.125244801,6.047446911,8.172691712
284,Hydroquinone,1465248_chr04_105245_A_G,6461538_chr10_629124_T_C,-,vQTL-vQTL,0.700745016,4.08495163,4.785696645
285,Hydroquinone,1602004_chr04_242001_G_C,10108704_chr15_77158_G_T,-,vQTL-vQTL,0.606143354,6.111895352,6.718038706
286,Hydroquinone,1602004_chr04_242001_G_C,5018700_chr08_188814_C_T,-,vQTL-vQTL,0.883268991,3.334248001,4.217516992
287,Hydroquinone,1602004_chr04_242001_G_C,10661629_chr15_630083_A_G,-,vQTL-vQTL,0.632456468,4.092776552,4.72523302
288,Hydroquinone,5106991_chr08_277105_G_A,11331581_chr16_208746_G_A,-,vQTL-vQTL,1.059394863,6.066759436,7.1261543
289,Hydroquinone,10171454_chr15_139908_A_G,2975060_chr05_83138_G_A,-,vQTL-vQTL,1.015410045,9.355846974,10.37125702
290,Hydroquinone,10171454_chr15_139908_A_G,11331581_chr16_208746_G_A,-,vQTL-vQTL,1.099528285,12.71508421,13.81461249
291,Hydroquinone,10171454_chr15_139908_A_G,1823264_chr04_463261_C_A,-,vQTL-vQTL,2.993824465,29.72550571,32.71933017
292,Hydroquinone,10171454_chr15_139908_A_G,5018700_chr08_188814_C_T,-,vQTL-vQTL,1.809194371,9.45107194,11.26026631
293,Hydroquinone,10171454_chr15_139908_A_G,10661629_chr15_630083_A_G,-,vQTL-vQTL,1.744318094,9.819992015,11.56431011
294,Hydroquinone,10171454_chr15_139908_A_G,1602004_chr04_242001_G_C,-,vQTL-vQTL,0.691496193,8.419496591,9.110992784
295,Hydroxyurea,10190451_chr15_158905_G_T,4648513_chr07_909574_A_G,-,vQTL-vQTL,0.314715313,1.921416415,2.236131728
296,Hydroxyurea,1989533_chr04_629530_G_C,4648513_chr07_909574_A_G,-,vQTL-vQTL,0.029314415,1.750848934,1.780163349
297,Hydroxyurea,1989533_chr04_629530_G_C,10190451_chr15_158905_G_T,-,vQTL-vQTL,0.820090254,0.53029326,1.350383515
298,Hydroxyurea,9780496_chr14_533283_A_G,1989533_chr04_629530_G_C,-,vQTL-vQTL,0.055809547,0.305015865,0.360825412
299,Hydroxyurea,185103_chr01_185103_G_A,4648513_chr07_909574_A_G,-,vQTL-vQTL,0.055695973,2.51598319,2.571679163
300,Hydroxyurea,185103_chr01_185103_G_A,10190451_chr15_158905_G_T,-,vQTL-vQTL,1.328561254,1.369063627,2.697624881
301,Hydroxyurea,185103_chr01_185103_G_A,1989533_chr04_629530_G_C,-,vQTL-vQTL,0.858770154,1.151321582,2.010091736
302,x4NQO,7451949_chr12_207340_G_T,9714243_chr14_467030_A_G,QTL-QTL,-,3.350853043,111.9203202,115.2711732
303,x4NQO,10674753_chr15_643207_C_T,7451949_chr12_207340_G_T,QTL-QTL,-,2.782418343,90.12994151,92.91235986
304,x4NQO,11016402_chr15_984856_T_C,7451949_chr12_207340_G_T,QTL-QTL,-,1.350633874,77.35506034,78.70569421
305,x4NQO,3326541_chr05_434619_T_C,3819813_chr07_80874_C_A,-,vQTL-vQTL,0.864199848,4.517371439,5.381571287
306,x4NQO,5892591_chr10_60177_T_A,5459210_chr09_66681_G_A,-,vQTL-vQTL,1.20413106,3.659872855,4.864003915
307,x4NQO,5892591_chr10_60177_T_A,3326541_chr05_434619_T_C,-,vQTL-vQTL,1.335340607,4.117035925,5.452376533
308,x4NQO,5892591_chr10_60177_T_A,9700304_chr14_453091_C_A,-,vQTL-vQTL,1.500890247,24.55296777,26.05385802
309,x4NQO,6735924_chr11_157769_T_C,9700304_chr14_453091_C_A,-,vQTL-vQTL,1.365756498,24.18578365,25.55154015
310,x4NQO,6735924_chr11_157769_T_C,5892591_chr10_60177_T_A,-,vQTL-vQTL,0.859666814,2.34486125,3.204528064
311,x4NQO,10683581_chr15_652035_G_T,607793_chr02_377585_A_G,-,vQTL-vQTL,1.046166201,17.96845228,19.01461848
312,x4NQO,10683581_chr15_652035_G_T,4134679_chr07_395740_T_C,-,vQTL-vQTL,1.401998437,18.99144881,20.39344724
313,x4NQO,10683581_chr15_652035_G_T,5892591_chr10_60177_T_A,-,vQTL-vQTL,0.93348497,17.12142559,18.05491056
314,x4NQO,5566258_chr09_173729_G_A,10683581_chr15_652035_G_T,-,vQTL-vQTL,0.806637005,16.83066815,17.63730516
315,x4NQO,2965514_chr05_73592_C_T,607793_chr02_377585_A_G,-,vQTL-vQTL,1.218900503,4.03534874,5.254249243
316,x4NQO,2965514_chr05_73592_C_T,4134679_chr07_395740_T_C,-,vQTL-vQTL,1.239727935,5.069252904,6.308980839
317,x4NQO,2965514_chr05_73592_C_T,5892591_chr10_60177_T_A,-,vQTL-vQTL,0.861863587,3.57406622,4.435929808
318,x4NQO,2965514_chr05_73592_C_T,10683581_chr15_652035_G_T,-,vQTL-vQTL,0.912148859,18.01497619,18.92712505
319,x4NQO,7451949_chr12_207340_G_T,607793_chr02_377585_A_G,-,vQTL-vQTL,0.992742786,66.71959686,67.71233964
320,x4NQO,7451949_chr12_207340_G_T,3819813_chr07_80874_C_A,-,vQTL-vQTL,1.350499914,67.00763997,68.35813988
321,x4NQO,7451949_chr12_207340_G_T,5459210_chr09_66681_G_A,-,vQTL-vQTL,3.791818838,68.2602271,72.05204594
322,x4NQO,7451949_chr12_207340_G_T,4134679_chr07_395740_T_C,-,vQTL-vQTL,1.336450156,69.59823204,70.9346822
323,x4NQO,7451949_chr12_207340_G_T,9700304_chr14_453091_C_A,-,vQTL-vQTL,3.62461493,108.7134862,112.3381011
324,x4NQO,7451949_chr12_207340_G_T,5257670_chr08_427784_A_G,-,vQTL-vQTL,2.10845468,67.5301798,69.63863448
325,x4NQO,7451949_chr12_207340_G_T,7902242_chr12_657633_C_T,-,vQTL-vQTL,0.896075511,73.59817657,74.49425208
326,x4NQO,7451949_chr12_207340_G_T,6735924_chr11_157769_T_C,-,vQTL-vQTL,0.774013412,66.41072929,67.18474271
327,x4NQO,7451949_chr12_207340_G_T,10683581_chr15_652035_G_T,-,vQTL-vQTL,3.588864714,89.63746702,93.22633174
328,x4NQO,7451949_chr12_207340_G_T,5566258_chr09_173729_G_A,-,vQTL-vQTL,1.55605569,65.92185393,67.47790962
329,x4NQO,7451949_chr12_207340_G_T,2965514_chr05_73592_C_T,-,vQTL-vQTL,2.089404051,67.18773129,69.27713534
330,x4NQO,3126590_chr05_234668_G_T,7451949_chr12_207340_G_T,-,vQTL-vQTL,1.970834994,68.44457081,70.41540581
331,x4NQO,10194799_chr15_163253_T_C,4134679_chr07_395740_T_C,-,vQTL-vQTL,0.758665457,7.539490921,8.298156378
332,Cobalt_Chloride,1138913_chr03_95527_T_C,193254_chr01_193254_T_C,QTL-QTL,-,1.289670556,13.34003643,14.62970699
333,Cobalt_Chloride,10204886_chr15_173340_A_C,7990647_chr12_746038_G_A,-,vQTL-vQTL,0.823266631,21.5325806,22.35584723
334,Cobalt_Chloride,10204886_chr15_173340_A_C,7901502_chr12_656893_G_A,-,vQTL-vQTL,4.609209876,77.37296244,81.98217232
335,Cobalt_Chloride,9772433_chr14_525220_A_G,7901502_chr12_656893_G_A,-,vQTL-vQTL,0.4282912,73.24247806,73.67076926
336,Cobalt_Chloride,9772433_chr14_525220_A_G,10204886_chr15_173340_A_C,-,vQTL-vQTL,0.328029658,3.425351924,3.753381582
337,Cobalt_Chloride,6474510_chr10_642096_A_T,7901502_chr12_656893_G_A,-,vQTL-vQTL,1.019241389,77.25459316,78.27383455
338,Cobalt_Chloride,6474510_chr10_642096_A_T,9772433_chr14_525220_A_G,-,vQTL-vQTL,0.660873874,5.99098546,6.651859334
339,Cobalt_Chloride,6192267_chr10_359853_G_T,7901502_chr12_656893_G_A,-,vQTL-vQTL,2.093711717,74.56395236,76.65766407
340,Cobalt_Chloride,6192267_chr10_359853_G_T,9772433_chr14_525220_A_G,-,vQTL-vQTL,0.207389257,2.456325298,2.663714554
341,Cobalt_Chloride,6192267_chr10_359853_G_T,6474510_chr10_642096_A_T,-,vQTL-vQTL,1.11029597,6.097010077,7.207306047
342,Cobalt_Chloride,4248838_chr07_509899_T_G,7990647_chr12_746038_G_A,-,vQTL-vQTL,0.34316414,23.76665621,24.10982035
343,Cobalt_Chloride,4248838_chr07_509899_T_G,7901502_chr12_656893_G_A,-,vQTL-vQTL,0.41477596,75.36998007,75.78475603
344,Cobalt_Chloride,4248838_chr07_509899_T_G,10204886_chr15_173340_A_C,-,vQTL-vQTL,0.88680933,7.395540638,8.282349968
345,Cobalt_Chloride,4248838_chr07_509899_T_G,6474510_chr10_642096_A_T,-,vQTL-vQTL,0.319715952,9.317399586,9.637115538
346,Cobalt_Chloride,4248838_chr07_509899_T_G,6192267_chr10_359853_G_T,-,vQTL-vQTL,0.629623731,5.916360401,6.545984132
347,Copper,9680363_chr14_433150_G_A,5038446_chr08_208560_C_T,QTL-QTL,-,2.181903313,31.9495003,34.13140362
348,Copper,9680363_chr14_433150_G_A,7193142_chr11_614987_G_C,QTL-QTL,-,2.386085552,16.2634498,18.64953535
349,Copper,8375710_chr13_52926_C_A,5038446_chr08_208560_C_T,QTL-QTL,-,5.185035082,51.61760387,56.80263895
350,Copper,8375710_chr13_52926_C_A,7193142_chr11_614987_G_C,QTL-QTL,-,1.46685856,33.22015671,34.68701527
351,Copper,8375710_chr13_52926_C_A,9680363_chr14_433150_G_A,QTL-QTL,-,2.460958687,35.09935203,37.56031072
352,Copper,7918497_chr12_673888_G_A,5038446_chr08_208560_C_T,QTL-QTL,-,4.053329729,30.96590206,35.01923179
353,Copper,7918497_chr12_673888_G_A,9680363_chr14_433150_G_A,QTL-QTL,-,1.513013822,17.75696575,19.26997957
354,Copper,7918497_chr12_673888_G_A,8375710_chr13_52926_C_A,QTL-QTL,-,2.037963236,34.88212088,36.92008412
355,Copper,5479115_chr09_86586_T_G,5038446_chr08_208560_C_T,QTL-QTL,-,3.411629269,27.45288067,30.86450994
356,Copper,7957192_chr12_712583_C_T,5480973_chr09_88444_G_A,-,vQTL-vQTL,1.062265074,13.03513594,14.09740102
357,Copper,9626651_chr14_379438_A_T,5480973_chr09_88444_G_A,-,vQTL-vQTL,0.942633023,11.92971857,12.87235159
358,Copper,9626651_chr14_379438_A_T,7957192_chr12_712583_C_T,-,vQTL-vQTL,1.267544206,12.40823058,13.67577479
359,Copper,7893869_chr12_649260_C_T,5480973_chr09_88444_G_A,-,vQTL-vQTL,1.462652048,14.4732479,15.93589995
360,Copper,7893869_chr12_649260_C_T,9626651_chr14_379438_A_T,-,vQTL-vQTL,1.248058855,13.95045502,15.19851388
361,Copper,5038446_chr08_208560_C_T,5480973_chr09_88444_G_A,-,vQTL-vQTL,3.495693281,27.38980921,30.88550249
362,Copper,5038446_chr08_208560_C_T,7957192_chr12_712583_C_T,-,vQTL-vQTL,2.074867239,27.85253777,29.92740501
363,Copper,5038446_chr08_208560_C_T,9626651_chr14_379438_A_T,-,vQTL-vQTL,2.775613016,28.20438612,30.97999914
364,Copper,5038446_chr08_208560_C_T,7893869_chr12_649260_C_T,-,vQTL-vQTL,4.881255681,31.09683565,35.97809133
365,Copper,8988510_chr13_665726_C_A,5480973_chr09_88444_G_A,-,vQTL-vQTL,1.077106103,7.464454936,8.541561039
366,Copper,8988510_chr13_665726_C_A,5726587_chr09_334058_A_G,-,vQTL-vQTL,0.699623841,1.922353043,2.621976883
367,Copper,8988510_chr13_665726_C_A,7893869_chr12_649260_C_T,-,vQTL-vQTL,1.139867403,8.82717421,9.967041614
368,Copper,8988510_chr13_665726_C_A,5038446_chr08_208560_C_T,-,vQTL-vQTL,1.147912564,22.20683962,23.35475219
369,Copper,8492260_chr13_169476_A_G,7957192_chr12_712583_C_T,-,vQTL-vQTL,0.77473601,13.37203838,14.14677439
370,Copper,8492260_chr13_169476_A_G,7893869_chr12_649260_C_T,-,vQTL-vQTL,1.783806803,14.15416057,15.93796738
371,Copper,8492260_chr13_169476_A_G,5038446_chr08_208560_C_T,-,vQTL-vQTL,0.629556927,28.05166555,28.68122247
372,Copper,8010725_chr12_766116_A_T,9626651_chr14_379438_A_T,-,vQTL-vQTL,1.611493818,11.35273025,12.96422407
373,Copper,8010725_chr12_766116_A_T,5038446_chr08_208560_C_T,-,vQTL-vQTL,1.212487762,27.34045829,28.55294605
374,Copper,8010725_chr12_766116_A_T,8492260_chr13_169476_A_G,-,vQTL-vQTL,0.677505853,12.02826807,12.70577392
375,Copper,10914455_chr15_882909_G_C,7957192_chr12_712583_C_T,-,vQTL-vQTL,1.02706756,7.923901474,8.950969034
376,Copper,10914455_chr15_882909_G_C,5726587_chr09_334058_A_G,-,vQTL-vQTL,2.435448958,1.957290463,4.392739421
377,Copper,10914455_chr15_882909_G_C,8010725_chr12_766116_A_T,-,vQTL-vQTL,1.907838126,6.843729618,8.751567744
378,Copper,1442574_chr04_82571_A_T,4156614_chr07_417675_A_G,-,vQTL-vQTL,1.099385429,3.121383816,4.220769245
379,Copper,1442574_chr04_82571_A_T,11293070_chr16_170235_T_C,-,vQTL-vQTL,0.865811357,1.125973613,1.99178497
380,Copper,1442574_chr04_82571_A_T,7957192_chr12_712583_C_T,-,vQTL-vQTL,1.193030937,6.989496582,8.182527518
381,Copper,1442574_chr04_82571_A_T,7893869_chr12_649260_C_T,-,vQTL-vQTL,0.969922929,8.575155918,9.545078847
382,Copper,1442574_chr04_82571_A_T,5038446_chr08_208560_C_T,-,vQTL-vQTL,0.722248305,22.38933893,23.11158723
383,Copper,1442574_chr04_82571_A_T,8492260_chr13_169476_A_G,-,vQTL-vQTL,1.097363608,7.567317901,8.664681509
384,Copper,3220443_chr05_328521_G_A,7957192_chr12_712583_C_T,-,vQTL-vQTL,1.247617222,6.708139091,7.955756313
385,Copper,3220443_chr05_328521_G_A,7893869_chr12_649260_C_T,-,vQTL-vQTL,2.780821721,8.205250866,10.98607259
386,Copper,3220443_chr05_328521_G_A,8010725_chr12_766116_A_T,-,vQTL-vQTL,2.426517152,6.06566275,8.492179902
387,Lithium_Chloride,1887446_chr04_527443_T_C,10181657_chr15_150111_G_A,QTL-QTL,-,2.551872459,101.9510777,104.5029501
388,Lithium_Chloride,611116_chr02_380908_T_C,7356434_chr12_111825_T_C,-,vQTL-vQTL,0.72284885,0.953850328,1.676699178
389,Lithium_Chloride,8124562_chr12_879953_G_A,611116_chr02_380908_T_C,-,vQTL-vQTL,2.649687684,1.768840286,4.418527969
390,Lithium_Chloride,1690291_chr04_330288_C_T,7356434_chr12_111825_T_C,-,vQTL-vQTL,0.650257559,1.788150109,2.438407669
391,Lithium_Chloride,3175344_chr05_283422_T_C,504822_chr02_274614_C_T,-,vQTL-vQTL,1.254782693,2.602050283,3.856832976
392,Lithium_Chloride,7921743_chr12_677134_C_T,7356434_chr12_111825_T_C,-,vQTL-vQTL,0.6345446,5.427680151,6.062224751
393,Lithium_Chloride,12043009_chr16_920174_G_C,504822_chr02_274614_C_T,-,vQTL-vQTL,0.984727356,0.329111858,1.313839214
394,Lithium_Chloride,8202615_chr12_958006_A_G,611116_chr02_380908_T_C,-,vQTL-vQTL,1.409391286,0.463158498,1.872549784
395,Lithium_Chloride,8202615_chr12_958006_A_G,1690291_chr04_330288_C_T,-,vQTL-vQTL,0.730243284,1.377838962,2.108082245
396,Lithium_Chloride,9735032_chr14_487819_C_T,8124562_chr12_879953_G_A,-,vQTL-vQTL,0.561514165,1.325227145,1.88674131
397,Lithium_Chloride,9735032_chr14_487819_C_T,8202615_chr12_958006_A_G,-,vQTL-vQTL,1.424094604,0.063218213,1.487312817
398,Lithium_Chloride,10174154_chr15_142608_C_A,8124562_chr12_879953_G_A,-,vQTL-vQTL,1.637751749,23.98691011,25.62466185
399,Lithium_Chloride,10174154_chr15_142608_C_A,8202615_chr12_958006_A_G,-,vQTL-vQTL,1.901310967,22.03499007,23.93630104
400,Maltose,7222584_chr11_644429_T_C,4813093_chr07_1074154_G_C,QTL-QTL,-,113.0972594,204.5409384,317.6381978
401,Maltose,504822_chr02_274614_C_T,7544344_chr12_299735_G_A,-,vQTL-vQTL,0.045780904,1.460039987,1.505820891
402,Maltose,504822_chr02_274614_C_T,422802_chr02_192594_C_T,-,vQTL-vQTL,0.46269519,1.74583442,2.20852961
403,Maltose,373509_chr02_143301_A_T,7544344_chr12_299735_G_A,-,vQTL-vQTL,0.065474276,1.827720694,1.89319497
404,Maltose,373509_chr02_143301_A_T,422802_chr02_192594_C_T,-,vQTL-vQTL,0.303542214,1.761578382,2.065120596
405,Maltose,373509_chr02_143301_A_T,504822_chr02_274614_C_T,-,vQTL-vQTL,0.16467634,1.043043313,1.207719653
406,Calcium_Chloride,8792446_chr13_469662_A_G,6629628_chr11_51473_T_C,-,vQTL-vQTL,0.18223119,0.954306105,1.136537295
407,Calcium_Chloride,8792446_chr13_469662_A_G,8146939_chr12_902330_T_C,-,vQTL-vQTL,0.563417345,1.333105625,1.89652297
408,Calcium_Chloride,7522214_chr12_277605_A_T,6629628_chr11_51473_T_C,-,vQTL-vQTL,0.194466474,4.280470495,4.474936969
409,Calcium_Chloride,7522214_chr12_277605_A_T,8792446_chr13_469662_A_G,-,vQTL-vQTL,0.300012791,3.97127143,4.271284221
410,Calcium_Chloride,5528517_chr09_135988_G_C,8146939_chr12_902330_T_C,-,vQTL-vQTL,0.155114603,1.598602966,1.753717569
411,Calcium_Chloride,8832874_chr13_510090_G_A,6629628_chr11_51473_T_C,-,vQTL-vQTL,0.469733415,0.922676457,1.392409872
412,Calcium_Chloride,8832874_chr13_510090_G_A,7522214_chr12_277605_A_T,-,vQTL-vQTL,0.263071575,3.876461037,4.139532612
413,Calcium_Chloride,2270688_chr04_910685_T_C,6629628_chr11_51473_T_C,-,vQTL-vQTL,0.229877775,0.725202271,0.955080047
414,Calcium_Chloride,2270688_chr04_910685_T_C,7522214_chr12_277605_A_T,-,vQTL-vQTL,0.423588662,3.650958226,4.074546888
415,x4.Hydroxybenzaldehyde,8369542_chr13_46758_C_T,9615398_chr14_368185_C_T,QTL-QTL,-,7.698197013,46.24573391,53.94393093
416,x4.Hydroxybenzaldehyde,8369542_chr13_46758_C_T,1887320_chr04_527317_C_G,QTL-QTL,-,1.855440278,54.66952963,56.52496991
417,x4.Hydroxybenzaldehyde,8369542_chr13_46758_C_T,7924418_chr12_679809_G_A,QTL-QTL,-,1.622981226,45.23010054,46.85308177
418,x4.Hydroxybenzaldehyde,snp1,snp2,-,vQTL-vQTL,LODi,LODa,LODf
419,x4.Hydroxybenzaldehyde,snp1,snp2,-,vQTL-vQTL,LODi,LODa,LODf
420,x4.Hydroxybenzaldehyde,9612929_chr14_365716_C_T,3171792_chr05_279870_A_G,-,vQTL-vQTL,0.157198752,6.049573277,6.206772028
421,Galactose,5071950_chr08_242064_C_T,10586998_chr15_555452_A_G,QTL-QTL,-,1.27999982,22.61561826,23.89561808
422,Galactose,3380752_chr05_488830_G_A,6781921_chr11_203766_C_T,-,vQTL-vQTL,0.004622798,0.727198043,0.731820841
423,Galactose,9615398_chr14_368185_C_T,6781921_chr11_203766_C_T,-,vQTL-vQTL,0.521371301,0.713452754,1.234824056
424,Galactose,9615398_chr14_368185_C_T,3380752_chr05_488830_G_A,-,vQTL-vQTL,0.067324802,0.080174961,0.147499763
425,Mannose,10203291_chr15_171745_C_T,9551337_chr14_304124_G_A,QTL-QTL,-,1.402488468,37.03060059,38.43308906
426,Mannose,10203291_chr15_171745_C_T,10517329_chr15_485783_G_A,QTL-QTL,-,4.373067502,35.33177438,39.70484188
427,Mannose,10203291_chr15_171745_C_T,7924418_chr12_679809_G_A,QTL-QTL,-,0.958532489,34.00655187,34.96508436
428,Mannose,7629434_chr12_384825_T_C,9505804_chr14_258591_G_C,-,vQTL-vQTL,0.651396773,5.282132976,5.933529749
429,x6.Azauracil,9760457_chr14_513244_T_C,6042754_chr10_210340_C_A,-,vQTL-vQTL,0.207302727,3.78574345,3.993046177
430,x6.Azauracil,5884450_chr10_52036_C_A,6042754_chr10_210340_C_A,-,vQTL-vQTL,0.277215413,0.127012078,0.404227492
431,x6.Azauracil,5884450_chr10_52036_C_A,9760457_chr14_513244_T_C,-,vQTL-vQTL,0.11877864,3.655893939,3.774672579
432,x6.Azauracil,5973786_chr10_141372_T_C,6042754_chr10_210340_C_A,-,vQTL-vQTL,0.246323689,0.143356165,0.389679854
433,x6.Azauracil,5973786_chr10_141372_T_C,5884450_chr10_52036_C_A,-,vQTL-vQTL,0.724396801,0.077080298,0.801477099
434,x6.Azauracil,2308413_chr04_948410_A_G,6042754_chr10_210340_C_A,-,vQTL-vQTL,0.851439194,1.178051149,2.029490344
435,x6.Azauracil,2308413_chr04_948410_A_G,9760457_chr14_513244_T_C,-,vQTL-vQTL,0.124322948,4.790575732,4.914898681
436,x6.Azauracil,2308413_chr04_948410_A_G,5884450_chr10_52036_C_A,-,vQTL-vQTL,0.428528468,1.082641753,1.511170221
437,x6.Azauracil,2308413_chr04_948410_A_G,5973786_chr10_141372_T_C,-,vQTL-vQTL,0.237764857,1.161925672,1.399690529
438,x6.Azauracil,8720515_chr13_397731_T_C,6042754_chr10_210340_C_A,-,vQTL-vQTL,0.136309371,0.126818794,0.263128164
439,x6.Azauracil,8720515_chr13_397731_T_C,9760457_chr14_513244_T_C,-,vQTL-vQTL,0.134544692,3.649957693,3.784502386
440,x6.Azauracil,8720515_chr13_397731_T_C,5884450_chr10_52036_C_A,-,vQTL-vQTL,0.357218838,0.010714205,0.367933043
441,x6.Azauracil,8720515_chr13_397731_T_C,5973786_chr10_141372_T_C,-,vQTL-vQTL,0.163320848,0.078419937,0.241740785
442,Magnesium_Chloride,9623528_chr14_376315_C_T,10517329_chr15_485783_G_A,QTL-QTL,-,0.631438216,35.1174827,35.74892091
443,Magnesium_Chloride,6930145_chr11_351990_T_A,7566652_chr12_322043_C_T,-,vQTL-vQTL,0.926394172,0.273154833,1.199549006
444,Magnesium_Chloride,9956532_chr14_709319_C_T,7566652_chr12_322043_C_T,-,vQTL-vQTL,0.045330521,0.033210227,0.078540749
445,Magnesium_Chloride,9956532_chr14_709319_C_T,6930145_chr11_351990_T_A,-,vQTL-vQTL,0.188071001,0.249387346,0.437458347
446,Magnesium_Chloride,8630199_chr13_307415_T_C,7566652_chr12_322043_C_T,-,vQTL-vQTL,0.21492693,0.082670633,0.297597563
447,Magnesium_Chloride,8630199_chr13_307415_T_C,6930145_chr11_351990_T_A,-,vQTL-vQTL,0.489547693,0.295390611,0.784938303
448,Magnesium_Chloride,8630199_chr13_307415_T_C,9956532_chr14_709319_C_T,-,vQTL-vQTL,0.169877771,0.050114999,0.21999277
449,Ethanol,9713803_chr14_466590_T_G,1841075_chr04_481072_C_G,QTL-QTL,-,1.168003427,83.49991491,84.66791834
450,Ethanol,7936771_chr12_692162_C_T,9713803_chr14_466590_T_G,QTL-QTL,-,1.354118737,92.0204208,93.37453954
451,Ethanol,10211396_chr15_179850_A_G,1841075_chr04_481072_C_G,QTL-QTL,-,0.729848767,16.60068017,17.33052894
452,Ethanol,10211396_chr15_179850_A_G,9713803_chr14_466590_T_G,QTL-QTL,-,1.526117199,91.72317558,93.24929278
453,Ethanol,10211396_chr15_179850_A_G,7936771_chr12_692162_C_T,QTL-QTL,-,1.511000595,23.28733099,24.79833159
454,Ethanol,9615398_chr14_368185_C_T,7947967_chr12_703358_C_A,-,vQTL-vQTL,0.53657721,58.15751687,58.69409408
455,Ethanol,7871033_chr12_626424_T_A,7947967_chr12_703358_C_A,-,vQTL-vQTL,0.2599359,9.865229521,10.12516542
456,Ethanol,7871033_chr12_626424_T_A,9615398_chr14_368185_C_T,-,vQTL-vQTL,0.874395774,54.64868652,55.52308229
457,Ethanol,11638328_chr16_515493_C_G,7871033_chr12_626424_T_A,-,vQTL-vQTL,0.254850486,6.619030605,6.87388109
458,Ethanol,3954853_chr07_215914_C_T,7947967_chr12_703358_C_A,-,vQTL-vQTL,0.950218221,9.151820602,10.10203882
459,Ethanol,3954853_chr07_215914_C_T,9615398_chr14_368185_C_T,-,vQTL-vQTL,2.547553979,47.97183246,50.51938644
460,Ethanol,9720862_chr14_473649_T_C,7947967_chr12_703358_C_A,-,vQTL-vQTL,2.501190182,85.88710568,88.38829587
461,Ethanol,9720862_chr14_473649_T_C,9615398_chr14_368185_C_T,-,vQTL-vQTL,1.027655471,102.5513101,103.5789656
462,Ethanol,9720862_chr14_473649_T_C,7871033_chr12_626424_T_A,-,vQTL-vQTL,1.336118659,84.10242588,85.43854454
463,Ethanol,9720862_chr14_473649_T_C,11638328_chr16_515493_C_G,-,vQTL-vQTL,1.721451497,76.14123965,77.86269115
464,Ethanol,9720862_chr14_473649_T_C,3954853_chr07_215914_C_T,-,vQTL-vQTL,2.073367157,75.94364636,78.01701352
465,Ethanol,5106991_chr08_277105_G_A,9615398_chr14_368185_C_T,-,vQTL-vQTL,0.28416496,48.02874115,48.31290611
466,Ethanol,5106991_chr08_277105_G_A,9720862_chr14_473649_T_C,-,vQTL-vQTL,0.46431602,75.90876682,76.37308284
467,Ethanol,11458101_chr16_335266_C_T,7947967_chr12_703358_C_A,-,vQTL-vQTL,0.857630294,10.56556872,11.42319902
468,Ethanol,11458101_chr16_335266_C_T,7871033_chr12_626424_T_A,-,vQTL-vQTL,0.958398867,8.132423073,9.09082194
469,Ethanol,11458101_chr16_335266_C_T,11638328_chr16_515493_C_G,-,vQTL-vQTL,0.362328521,1.67277747,2.035105992
470,Ethanol,11458101_chr16_335266_C_T,3954853_chr07_215914_C_T,-,vQTL-vQTL,1.593462769,1.615382347,3.208845116
471,Ethanol,11458101_chr16_335266_C_T,9720862_chr14_473649_T_C,-,vQTL-vQTL,1.140438465,77.12947243,78.2699109
472,Ethanol,11458101_chr16_335266_C_T,5106991_chr08_277105_G_A,-,vQTL-vQTL,1.074328348,1.617218554,2.691546901
473,Lactate,10415073_chr15_383527_A_T,3163055_chr05_271133_T_A,-,vQTL-vQTL,1.138806881,22.44358104,23.58238792
474,Lactate,10415073_chr15_383527_A_T,10616735_chr15_585189_A_G,-,vQTL-vQTL,1.708295607,24.07392385,25.78221946
475,Lactate,10415073_chr15_383527_A_T,8026611_chr12_782002_A_G,-,vQTL-vQTL,1.177620497,31.85360095,33.03122145
476,Lactate,9798122_chr14_550909_G_C,4133834_chr07_394895_C_A,-,vQTL-vQTL,0.41625486,2.704383717,3.120638577
477,Lactate,9798122_chr14_550909_G_C,8026611_chr12_782002_A_G,-,vQTL-vQTL,0.596951183,12.50775547,13.10470665
478,Lactate,10171766_chr15_140220_T_C,2812191_chr04_1452188_A_G,-,vQTL-vQTL,1.373628026,37.18379577,38.5574238
479,Lactate,10171766_chr15_140220_T_C,3163055_chr05_271133_T_A,-,vQTL-vQTL,0.422962814,36.38494791,36.80791073
480,Lactate,10171766_chr15_140220_T_C,10616735_chr15_585189_A_G,-,vQTL-vQTL,2.341581886,39.60398277,41.94556466
481,Lactate,10171766_chr15_140220_T_C,8026611_chr12_782002_A_G,-,vQTL-vQTL,0.507760115,47.40098411,47.90874423
482,Lactate,10171766_chr15_140220_T_C,10415073_chr15_383527_A_T,-,vQTL-vQTL,0.909813608,60.79273282,61.70254643
483,Lactate,10171766_chr15_140220_T_C,5079724_chr08_249838_A_G,-,vQTL-vQTL,0.498744725,38.18822408,38.6869688
484,Lactate,10171766_chr15_140220_T_C,9798122_chr14_550909_G_C,-,vQTL-vQTL,0.656059635,38.40353163,39.05959126
485,Lactate,7503538_chr12_258929_G_A,10171766_chr15_140220_T_C,-,vQTL-vQTL,1.447459693,36.33419979,37.78165949
486,Lactate,4075399_chr07_336460_T_A,8026611_chr12_782002_A_G,-,vQTL-vQTL,0.670541853,10.05877939,10.72932124
487,Lactate,4075399_chr07_336460_T_A,10171766_chr15_140220_T_C,-,vQTL-vQTL,0.803856446,36.15831074,36.96216718
488,Lactose,4200819_chr07_461880_G_A,5557565_chr09_165036_C_G,-,vQTL-vQTL,0.572109454,0.320695022,0.892804477
489,Lactose,9756794_chr14_509581_G_T,5790942_chr09_398413_C_T,-,vQTL-vQTL,1.21859928,3.101604156,4.320203436
490,Lactose,9756794_chr14_509581_G_T,8021786_chr12_777177_T_C,-,vQTL-vQTL,0.625169668,10.29489281,10.92006248
491,Lactose,4336194_chr07_597255_T_C,5557565_chr09_165036_C_G,-,vQTL-vQTL,0.802342163,0.62119932,1.423541484
492,Lactose,4336194_chr07_597255_T_C,5790942_chr09_398413_C_T,-,vQTL-vQTL,0.562452486,0.530089327,1.092541813
493,Lactose,4336194_chr07_597255_T_C,890392_chr02_660184_A_G,-,vQTL-vQTL,0.56283201,2.409832096,2.972664106
494,Lactose,9861974_chr14_614761_T_A,8021786_chr12_777177_T_C,-,vQTL-vQTL,0.586665759,7.809347335,8.396013094
495,Lactose,4095867_chr07_356928_A_G,5790942_chr09_398413_C_T,-,vQTL-vQTL,0.615882242,0.125876196,0.741758437
496,Lactose,2504482_chr04_1144479_C_T,9756794_chr14_509581_G_T,-,vQTL-vQTL,1.548952869,3.605558282,5.154511151
497,Xylose,10211396_chr15_179850_A_G,9714243_chr14_467030_A_G,QTL-QTL,-,5.918103284,83.84671481,89.76481809
498,Xylose,7991969_chr12_747360_C_T,9714243_chr14_467030_A_G,QTL-QTL,-,1.644523002,59.08387859,60.7284016
499,Xylose,11827229_chr16_704394_G_C,4057556_chr07_318617_T_C,-,vQTL-vQTL,0.114769672,0.149033769,0.263803441
500,Xylose,9805503_chr14_558290_A_T,4057556_chr07_318617_T_C,-,vQTL-vQTL,0.022415389,3.498773061,3.52118845
501,Xylose,9805503_chr14_558290_A_T,11827229_chr16_704394_G_C,-,vQTL-vQTL,0.401244433,3.401694589,3.802939023
502,Xylose,10211396_chr15_179850_A_G,4057556_chr07_318617_T_C,-,vQTL-vQTL,1.157270863,32.74954656,33.90681743
503,Xylose,10211396_chr15_179850_A_G,11827229_chr16_704394_G_C,-,vQTL-vQTL,0.047340362,32.69778246,32.74512282
504,Xylose,10211396_chr15_179850_A_G,9805503_chr14_558290_A_T,-,vQTL-vQTL,2.077229762,36.09635296,38.17358272
505,Trehalose,4190849_chr07_451910_G_A,3932422_chr07_193483_G_A,-,vQTL-vQTL,1.057221427,1.320521917,2.377743344
506,Trehalose,2936451_chr05_44529_A_G,3932422_chr07_193483_G_A,-,vQTL-vQTL,0.265449574,1.322478038,1.587927611
507,Trehalose,2936451_chr05_44529_A_G,4190849_chr07_451910_G_A,-,vQTL-vQTL,0.269760745,0.085057791,0.354818536
508,Trehalose,4788295_chr07_1049356_T_C,3932422_chr07_193483_G_A,-,vQTL-vQTL,0.297615135,1.342975813,1.640590948
509,Trehalose,2573556_chr04_1213553_G_A,3932422_chr07_193483_G_A,-,vQTL-vQTL,0.842515704,1.747642867,2.590158571
510,Trehalose,2573556_chr04_1213553_G_A,9800584_chr14_553371_G_C,-,vQTL-vQTL,0.898950408,3.196676239,4.095626647
511,Trehalose,4087865_chr07_348926_T_G,9800584_chr14_553371_G_C,-,vQTL-vQTL,0.395937598,2.859949463,3.25588706
512,Trehalose,4087865_chr07_348926_T_G,4788295_chr07_1049356_T_C,-,vQTL-vQTL,0.260358667,0.184612744,0.444971411
513,Trehalose,9735032_chr14_487819_C_T,3932422_chr07_193483_G_A,-,vQTL-vQTL,1.078632871,16.63766781,17.71630068
514,Trehalose,9735032_chr14_487819_C_T,9800584_chr14_553371_G_C,-,vQTL-vQTL,0.229895594,15.94567232,16.17556792
515,Trehalose,9735032_chr14_487819_C_T,2573556_chr04_1213553_G_A,-,vQTL-vQTL,2.434908047,16.22987406,18.66478211
516,Trehalose,9735032_chr14_487819_C_T,4087865_chr07_348926_T_G,-,vQTL-vQTL,0.396580226,15.84955301,16.24613324
517,x5.Fluorocytosine,9735032_chr14_487819_C_T,9140084_chr13_817300_C_A,QTL-QTL,-,2.146502503,55.90730545,58.05380795
518,x5.Fluorocytosine,9141801_chr13_819017_C_T,9735032_chr14_487819_C_T,-,vQTL-vQTL,1.880233989,52.24034327,54.12057726
519,x5.Fluorocytosine,9896123_chr14_648910_T_C,9735032_chr14_487819_C_T,-,vQTL-vQTL,0.06344201,15.92448214,15.98792415
520,x5.Fluorocytosine,9896123_chr14_648910_T_C,9141801_chr13_819017_C_T,-,vQTL-vQTL,1.569713938,31.77235398,33.34206792
521,x5.Fluorocytosine,378383_chr02_148175_C_T,9735032_chr14_487819_C_T,-,vQTL-vQTL,0.073455749,32.59079676,32.66425251
522,x5.Fluorocytosine,378383_chr02_148175_C_T,9141801_chr13_819017_C_T,-,vQTL-vQTL,1.568978973,48.36163716,49.93061613
523,x5.Fluorocytosine,378383_chr02_148175_C_T,9896123_chr14_648910_T_C,-,vQTL-vQTL,1.969666689,15.74512307,17.71478976
524,x5.Fluorocytosine,6959379_chr11_381224_T_A,9735032_chr14_487819_C_T,-,vQTL-vQTL,1.116857091,19.10075593,20.21761302
525,x5.Fluorocytosine,6959379_chr11_381224_T_A,9141801_chr13_819017_C_T,-,vQTL-vQTL,0.420599476,33.86589366,34.28649314
526,x5.Fluorocytosine,6959379_chr11_381224_T_A,9896123_chr14_648910_T_C,-,vQTL-vQTL,0.168679956,3.579328642,3.748008597
527,x5.Fluorocytosine,6959379_chr11_381224_T_A,378383_chr02_148175_C_T,-,vQTL-vQTL,2.598777158,16.76358096,19.36235812
528,x5.Fluorouracil,3179594_chr05_287672_G_A,356903_chr02_126695_G_T,QTL-QTL,-,1.165769217,16.16481751,17.33058673
529,x5.Fluorouracil,5674416_chr09_281887_A_G,10202696_chr15_171150_T_C,QTL-QTL,-,0.96033023,13.95204377,14.912374
530,x5.Fluorouracil,9734073_chr14_486860_T_A,10202696_chr15_171150_T_C,QTL-QTL,-,1.641185531,76.16565679,77.80684232
531,x5.Fluorouracil,10898429_chr15_866883_A_C,3204595_chr05_312673_G_A,-,vQTL-vQTL,0.222608627,4.136154656,4.358763283
