"","Environment","M1","M2","QTL-QTL Interaction","vQTL-vQTL Interaction","LODi","LODa","LODf","pM1_F","pM2_F","pM1_BF","pM2_BF"
"1","Paraquat","7815397_chr12_570788_T_C","8374142_chr13_51358_G_T","QTL-QTL","-","2.02325351854","31.6185392217","33.6417927403","0","0","4.84e-08","0.0002212"
"2","Paraquat","8423478_chr13_100694_T_C","7815397_chr12_570788_T_C","-","vQTL-vQTL","1.450462012","29.20072075","30.65118276","0","0","5.26e-05","4.84e-08"
"3","Paraquat","9788960_chr14_541747_G_A","10493631_chr15_462085_T_C","-","vQTL-vQTL","0.701593425","20.77182801","21.47342144","0","0","0.001230404","3.02e-06"
"4","Paraquat","8117763_chr12_873154_C_A","8423478_chr13_100694_T_C","-","vQTL-vQTL","0.678804874","12.89760214","13.57640701","0.09","0","0.003279773","5.26e-05"
"5","Paraquat","8117763_chr12_873154_C_A","10493631_chr15_462085_T_C","-","vQTL-vQTL","0.38460157","18.0964843","18.48108587","0.09","0","0.003279773","3.02e-06"
"6","Paraquat","8117763_chr12_873154_C_A","9788960_chr14_541747_G_A","-","vQTL-vQTL","0.882569994","9.234965613","10.11753561","0.09","0","0.003279773","0.001230404"
"7","Paraquat","55146_chr01_55146_C_T","8117763_chr12_873154_C_A","-","vQTL-vQTL","0.783037787","11.73103362","12.51407141","0","0.09","4.4e-05","0.003279773"
"8","Paraquat","7025344_chr11_447189_T_C","9019869_chr13_697085_C_T","-","vQTL-vQTL","0.301355312","6.49056736","6.791922671","1","0","0.001981148","0.001413225"
"9","Paraquat","7025344_chr11_447189_T_C","7815397_chr12_570788_T_C","-","vQTL-vQTL","0.380938796","18.29795023","18.67888903","1","0","0.001981148","4.84e-08"
"10","Paraquat","7025344_chr11_447189_T_C","8423478_chr13_100694_T_C","-","vQTL-vQTL","0.565725404","9.611448399","10.1771738","1","0","0.001981148","5.26e-05"
"11","Paraquat","7025344_chr11_447189_T_C","10493631_chr15_462085_T_C","-","vQTL-vQTL","1.116906114","15.36833151","16.48523762","1","0","0.001981148","3.02e-06"
"12","Paraquat","7025344_chr11_447189_T_C","55146_chr01_55146_C_T","-","vQTL-vQTL","0.517800181","9.165487949","9.68328813","1","0","0.001981148","4.4e-05"
"13","Paraquat","9192096_chr13_869312_A_G","7815397_chr12_570788_T_C","-","vQTL-vQTL","0.430250373","28.20733823","28.6375886","0","0","4.25e-05","4.84e-08"
"14","Paraquat","9192096_chr13_869312_A_G","8117763_chr12_873154_C_A","-","vQTL-vQTL","0.477010775","11.88858705","12.36559783","0","0.09","4.25e-05","0.003279773"
"15","Paraquat","9192096_chr13_869312_A_G","55146_chr01_55146_C_T","-","vQTL-vQTL","0.421606518","17.12767321","17.54927973","0","0","4.25e-05","4.4e-05"
"16","Congo_red","476087_chr02_245879_G_A","10189620_chr15_158074_T_C","QTL-QTL","-","1.2915436734","56.6063706824","57.8979143558","0","0","0.003795625","0.485482912"
"17","Congo_red","476087_chr02_245879_G_A","4945858_chr08_115972_A_T","QTL-QTL","-","2.1780830205","52.3185354528","54.4966184733","0","0","0.003795625","0.0161077"
"18","Congo_red","392907_chr02_162699_A_G","4927418_chr08_97532_T_C","-","vQTL-vQTL","0.717559029337","15.9006378179","16.6181968472","0","0","0.001722261","0.002408028"
"19","Congo_red","11595615_chr16_472780_A_T","10601237_chr15_569691_G_A","-","vQTL-vQTL","0.322228278646","0.403399594541","0.725627873187","1","1","0.00312058","0.000294004"
"20","Congo_red","11595615_chr16_472780_A_T","4927418_chr08_97532_T_C","-","vQTL-vQTL","0.316849692939","8.54726349215","8.86411318509","1","0","0.00312058","0.002408028"
"21","Congo_red","11595615_chr16_472780_A_T","392907_chr02_162699_A_G","-","vQTL-vQTL","0.601456296177","7.38158493815","7.98304123433","1","0","0.00312058","0.001722261"
"22","Congo_red","436491_chr02_206283_T_C","10601237_chr15_569691_G_A","-","vQTL-vQTL","0.682119928968","23.1557619988","23.8378819277","0","1","0.000651682","0.000294004"
"23","Congo_red","436491_chr02_206283_T_C","4927418_chr08_97532_T_C","-","vQTL-vQTL","2.77525989178","32.5967441652","35.372004057","0","0","0.000651682","0.002408028"
"24","Congo_red","436491_chr02_206283_T_C","11595615_chr16_472780_A_T","-","vQTL-vQTL","0.756868121423","23.3935131334","24.1503812548","0","1","0.000651682","0.00312058"
"25","Congo_red","10548957_chr15_517411_C_G","392907_chr02_162699_A_G","-","vQTL-vQTL","0.290265942957","8.80214515859","9.09241110155","0.844","0","0.000294223","0.001722261"
"26","Congo_red","10548957_chr15_517411_C_G","11595615_chr16_472780_A_T","-","vQTL-vQTL","0.276687299375","2.30321244286","2.57989974223","0.844","1","0.000294223","0.00312058"
"27","Congo_red","10548957_chr15_517411_C_G","436491_chr02_206283_T_C","-","vQTL-vQTL","0.955652643584","24.8462026024","25.801855246","0.844","0","0.000294223","0.000651682"
"28","Congo_red","8565637_chr13_242853_G_A","4927418_chr08_97532_T_C","-","vQTL-vQTL","1.92626374093","8.6350198234","10.5612835643","1","0","0.000649885","0.002408028"
"29","Congo_red","8565637_chr13_242853_G_A","10548957_chr15_517411_C_G","-","vQTL-vQTL","0.48871078094","2.13290489622","2.62161567716","1","0.844","0.000649885","0.000294223"
"30","Congo_red","9614309_chr14_367096_G_A","10601237_chr15_569691_G_A","-","vQTL-vQTL","0.25448180532","0.0926714751969","0.347153280517","1","1","0.000510164","0.000294004"
"31","Congo_red","9614309_chr14_367096_G_A","10548957_chr15_517411_C_G","-","vQTL-vQTL","0.300382800152","1.97989568296","2.28027848311","1","0.844","0.000510164","0.000294223"
"32","Zeocin","4945858_chr08_115972_A_T","10189620_chr15_158074_T_C","QTL-QTL","-","1.5141223751","41.0043643299","42.518486705","0","0","5.45e-19","0.00094921"
"33","Zeocin","4945858_chr08_115972_A_T","7894448_chr12_649839_A_G","QTL-QTL","-","1.35666563011","44.0322154007","45.3888810308","0","0","5.45e-19","1.54e-16"
"34","Zeocin","4945858_chr08_115972_A_T","9020685_chr13_697901_C_T","QTL-QTL","-","1.69680792494","36.8470661822","38.5438741071","0","0","5.45e-19","1.76e-12"
"35","Zeocin","8369542_chr13_46758_C_T","5940499_chr10_108085_A_G","QTL-QTL","-","1.29919652165","21.6400441513","22.9392406729","0.007","0","4.92e-09","8.25e-08"
"36","Zeocin","8369542_chr13_46758_C_T","7894448_chr12_649839_A_G","QTL-QTL","-","1.35877795149","25.120356317","26.4791342685","0.007","0","4.92e-09","1.54e-16"
"37","Zeocin","4584558_chr07_845619_C_A","6229227_chr10_396813_A_T","-","vQTL-vQTL","0.879228697222","4.27912397767","5.15835267489","0.86","0.712","0.002838434","0.001735348"
"38","Zeocin","5979312_chr10_146898_A_G","9022414_chr13_699630_T_C","-","vQTL-vQTL","2.46863182173","28.4290731232","30.8977049449","0","0","1.42e-09","1.51e-12"
"39","Zeocin","7891316_chr12_646707_A_G","6229227_chr10_396813_A_T","-","vQTL-vQTL","0.741956658588","21.0375406179","21.7794972765","0","0.712","8.58e-17","0.001735348"
"40","Zeocin","7891316_chr12_646707_A_G","9022414_chr13_699630_T_C","-","vQTL-vQTL","0.645336383711","32.586963727","33.2323001108","0","0","8.58e-17","1.51e-12"
"41","Zeocin","11623516_chr16_500681_C_T","10303782_chr15_272236_G_A","-","vQTL-vQTL","0.865050733226","5.76893664962","6.63398738284","0.096","0.386","0.001145709","0.00352601"
"42","Zeocin","6028913_chr10_196499_T_C","9022414_chr13_699630_T_C","-","vQTL-vQTL","3.3889357395","22.7850097165","26.173945456","0","0","3.47e-09","1.51e-12"
"43","Zeocin","6028913_chr10_196499_T_C","4584558_chr07_845619_C_A","-","vQTL-vQTL","0.984565352238","10.1854219535","11.1699873057","0","0.86","3.47e-09","0.002838434"
"44","Zeocin","6028913_chr10_196499_T_C","10303782_chr15_272236_G_A","-","vQTL-vQTL","0.596541982041","11.9491098366","12.5456518187","0","0.386","3.47e-09","0.00352601"
"45","Zeocin","6028913_chr10_196499_T_C","667642_chr02_437434_A_T","-","vQTL-vQTL","0.613979507344","15.8478675607","16.461847068","0","0","3.47e-09","1.72e-07"
"46","Zeocin","10172165_chr15_140619_G_A","5979312_chr10_146898_A_G","-","vQTL-vQTL","0.613868447874","25.9548218937","26.5686903415","0","0","0.000722656","1.42e-09"
"47","Zeocin","83285_chr01_83285_A_G","7891316_chr12_646707_A_G","-","vQTL-vQTL","1.33790425206","22.6658925187","24.0037967707","0.034","0","7.17e-05","8.58e-17"
"48","Zeocin","83285_chr01_83285_A_G","11623516_chr16_500681_C_T","-","vQTL-vQTL","2.90695398477","6.92551218655","9.83246617132","0.034","0.096","7.17e-05","0.001145709"
"49","Zeocin","83285_chr01_83285_A_G","10172165_chr15_140619_G_A","-","vQTL-vQTL","0.971340802346","17.1045253253","18.0758661276","0.034","0","7.17e-05","0.000722656"
"50","Zeocin","11385062_chr16_262227_G_A","9022414_chr13_699630_T_C","-","vQTL-vQTL","0.690513790604","16.4511401932","17.1416539838","0.134","0","0.002959394","1.51e-12"
"51","Zeocin","4947385_chr08_117499_G_A","9022414_chr13_699630_T_C","-","vQTL-vQTL","1.46123592788","36.4314474256","37.8926833535","0","0","2.5e-19","1.51e-12"
"52","Zeocin","4947385_chr08_117499_G_A","10303782_chr15_272236_G_A","-","vQTL-vQTL","0.78034218141","26.5617240648","27.3420662462","0","0.386","2.5e-19","0.00352601"
"53","Zeocin","4947385_chr08_117499_G_A","7891316_chr12_646707_A_G","-","vQTL-vQTL","1.24324368119","43.0511946805","44.2944383617","0","0","2.5e-19","8.58e-17"
"54","Zeocin","4947385_chr08_117499_G_A","667642_chr02_437434_A_T","-","vQTL-vQTL","1.03658741673","32.9492138764","33.9858012931","0","0","2.5e-19","1.72e-07"
"55","Zeocin","4947385_chr08_117499_G_A","10172165_chr15_140619_G_A","-","vQTL-vQTL","1.61742649779","39.1172419062","40.734668404","0","0","2.5e-19","0.000722656"
"56","Zeocin","4947385_chr08_117499_G_A","83285_chr01_83285_A_G","-","vQTL-vQTL","0.885127350355","27.2901350081","28.1752623584","0","0.034","2.5e-19","7.17e-05"
"57","Zeocin","4319121_chr07_580182_G_T","10303782_chr15_272236_G_A","-","vQTL-vQTL","1.28724260097","4.3654596146","5.65270221556","0.877","0.386","0.001092775","0.00352601"
"58","Zeocin","4319121_chr07_580182_G_T","7891316_chr12_646707_A_G","-","vQTL-vQTL","0.670380477712","20.4525371303","21.122917608","0.877","0","0.001092775","8.58e-17"
"59","Zeocin","4319121_chr07_580182_G_T","11623516_chr16_500681_C_T","-","vQTL-vQTL","0.67994384978","5.24155846159","5.92150231137","0.877","0.096","0.001092775","0.001145709"
"60","Zeocin","4319121_chr07_580182_G_T","667642_chr02_437434_A_T","-","vQTL-vQTL","0.688918227229","9.02342237316","9.71234060039","0.877","0","0.001092775","1.72e-07"
"61","Zeocin","4319121_chr07_580182_G_T","10172165_chr15_140619_G_A","-","vQTL-vQTL","0.849999528647","14.0505278785","14.9005274071","0.877","0","0.001092775","0.000722656"
"62","Neomycin","10225457_chr15_193911_C_T","7904380_chr12_659771_C_T","QTL-QTL","-","1.42131600367","21.0718195646","22.4931355683","0.001","0","0.035913724","6.68e-05"
"63","Neomycin","8583962_chr13_261178_G_A","194469_chr01_194469_C_T","QTL-QTL","-","2.17830278946","88.6911508491","90.8694536386","0","0","9.79e-23","1.85e-06"
"64","Neomycin","8583962_chr13_261178_G_A","6465891_chr10_633477_T_C","QTL-QTL","-","1.5578955331","83.4757961122","85.0336916453","0","0.019","9.79e-23","0.000169018"
"65","Neomycin","8583962_chr13_261178_G_A","5643011_chr09_250482_T_G","QTL-QTL","-","2.52503308936","85.5022116079","88.0272446973","0","0.022","9.79e-23","0.000163654"
"66","Neomycin","9623528_chr14_376315_C_T","8583962_chr13_261178_G_A","QTL-QTL","-","1.5916933397","87.6482211381","89.2399144778","0.001","0","0.000562038","9.79e-23"
"67","Neomycin","6401189_chr10_568775_C_T","4300528_chr07_561589_A_C","-","vQTL-vQTL","1.27589110988","9.40010887104","10.6759999809","0.274","0","1.08e-05","0.000800554"
"68","Neomycin","6401189_chr10_568775_C_T","3583477_chr06_114686_A_G","-","vQTL-vQTL","0.991109377643","5.09414300503","6.08525238268","0.274","0.387","1.08e-05","0.001962703"
"69","Neomycin","8609095_chr13_286311_C_G","3274726_chr05_382804_T_C","-","vQTL-vQTL","1.05051280136","80.1540924374","81.2046052388","0","0.001","7.39e-24","0.001282596"
"70","Neomycin","8609095_chr13_286311_C_G","6401189_chr10_568775_C_T","-","vQTL-vQTL","3.81889235403","75.6254906061","79.4443829601","0","0.274","7.39e-24","1.08e-05"
"71","Neomycin","9942333_chr14_695120_G_A","8609095_chr13_286311_C_G","-","vQTL-vQTL","1.93206562926","73.1851666763","75.1172323056","0.982","0","0.001914968","7.39e-24"
"72","Neomycin","6426622_chr10_594208_T_C","4300528_chr07_561589_A_C","-","vQTL-vQTL","1.15392679158","10.5194480423","11.6733748339","0.019","0","1.1e-05","0.000800554"
"73","Neomycin","6426622_chr10_594208_T_C","4190251_chr07_451312_A_G","-","vQTL-vQTL","1.04061605542","9.98732546719","11.0279415226","0.019","0.001","1.1e-05","0.001281305"
"74","Neomycin","6426622_chr10_594208_T_C","8609095_chr13_286311_C_G","-","vQTL-vQTL","2.85784542289","76.0392139233","78.8970593462","0.019","0","1.1e-05","7.39e-24"
"75","Neomycin","9621874_chr14_374661_C_T","5970691_chr10_138277_A_G","-","vQTL-vQTL","1.9820824616","8.9091403589","10.8912228205","0.001","0.121","0.000503034","0.00010599"
"76","Neomycin","9621874_chr14_374661_C_T","8609095_chr13_286311_C_G","-","vQTL-vQTL","1.27270972643","80.4344379745","81.7071477009","0.001","0","0.000503034","7.39e-24"
"77","Neomycin","7907105_chr12_662496_C_G","9942333_chr14_695120_G_A","-","vQTL-vQTL","1.66938940389","16.2767761246","17.9461655284","0","0.982","3.85e-05","0.001914968"
"78","Neomycin","1293568_chr03_250182_T_A","4300528_chr07_561589_A_C","-","vQTL-vQTL","1.19931120423","7.63377891894","8.83309012317","1","0","0.00040109","0.000800554"
"79","Neomycin","1293568_chr03_250182_T_A","3895002_chr07_156063_T_C","-","vQTL-vQTL","1.01457493605","3.61816185419","4.63273679024","1","0.203","0.00040109","0.00016981"
"80","Neomycin","1293568_chr03_250182_T_A","5970691_chr10_138277_A_G","-","vQTL-vQTL","2.17480082644","3.77155097454","5.94635180099","1","0.121","0.00040109","0.00010599"
"81","Neomycin","1293568_chr03_250182_T_A","6401189_chr10_568775_C_T","-","vQTL-vQTL","0.940158680229","3.30625771544","4.24641639567","1","0.274","0.00040109","1.08e-05"
"82","Neomycin","1293568_chr03_250182_T_A","8609095_chr13_286311_C_G","-","vQTL-vQTL","1.29704986278","72.8505939271","74.1476437899","1","0","0.00040109","7.39e-24"
"83","Neomycin","3944252_chr07_205313_T_A","5970691_chr10_138277_A_G","-","vQTL-vQTL","1.01297991056","6.21128834152","7.22426825208","0.102","0.121","0.000221393","0.00010599"
"84","Neomycin","3944252_chr07_205313_T_A","8609095_chr13_286311_C_G","-","vQTL-vQTL","0.892732436248","75.7507221091","76.6434545454","0.102","0","0.000221393","7.39e-24"
"85","Neomycin","3944252_chr07_205313_T_A","1293568_chr03_250182_T_A","-","vQTL-vQTL","1.05622161812","3.92264250291","4.97886412103","0.102","1","0.000221393","0.00040109"
"86","Neomycin","6656285_chr11_78130_T_C","2088392_chr04_728389_C_A","-","vQTL-vQTL","2.11064749777","4.81175841941","6.92240591718","0.102","1","0.000179075","0.000830752"
"87","Neomycin","5649323_chr09_256794_T_C","3583477_chr06_114686_A_G","-","vQTL-vQTL","1.07400474162","6.44759649405","7.52160123567","0.023","0.387","0.000133137","0.001962703"
"88","Neomycin","5649323_chr09_256794_T_C","8609095_chr13_286311_C_G","-","vQTL-vQTL","3.57712853172","79.2755827779","82.8527113096","0.023","0","0.000133137","7.39e-24"
"89","Neomycin","1760710_chr04_400707_T_A","8609095_chr13_286311_C_G","-","vQTL-vQTL","1.24890639145","75.2153688805","76.464275272","0.022","0","1.11e-05","7.39e-24"
"90","Neomycin","1760710_chr04_400707_T_A","9621874_chr14_374661_C_T","-","vQTL-vQTL","1.09936629448","10.1619657822","11.2613320767","0.022","0.001","1.11e-05","0.000503034"
"91","Neomycin","195453_chr01_195453_T_C","8609095_chr13_286311_C_G","-","vQTL-vQTL","1.55841626446","81.2171346378","82.7755509023","0","0","1.3e-06","7.39e-24"
"92","Neomycin","195453_chr01_195453_T_C","6426622_chr10_594208_T_C","-","vQTL-vQTL","1.01544830548","10.9035847112","11.9190330167","0","0.019","1.3e-06","1.1e-05"
"93","Neomycin","195453_chr01_195453_T_C","9621874_chr14_374661_C_T","-","vQTL-vQTL","1.06989289343","12.1723796345","13.2422725279","0","0.001","1.3e-06","0.000503034"
"94","Neomycin","8196130_chr12_951521_T_C","8609095_chr13_286311_C_G","-","vQTL-vQTL","1.06623960018","74.1801139621","75.2463535623","0.702","0","0.003676136","7.39e-24"
"95","Neomycin","11355207_chr16_232372_T_C","8609095_chr13_286311_C_G","-","vQTL-vQTL","1.98983395663","74.6980007421","76.6878346987","0.673","0","0.000691094","7.39e-24"
"96","Neomycin","11355207_chr16_232372_T_C","7907105_chr12_662496_C_G","-","vQTL-vQTL","2.90659676545","17.209393802","20.1159905674","0.673","0","0.000691094","3.85e-05"
"97","Diamide","6296548_chr10_464134_T_C","8584039_chr13_261255_A_G","-","vQTL-vQTL","0.760751090984","18.219104257","18.979855348","1","0","0.003977768","0.00019553"
"98","Diamide","11498025_chr16_375190_A_T","8425338_chr13_102554_C_T","-","vQTL-vQTL","0.654524144495","21.0650055544","21.7195296989","0","0","0.001101326","0.001721873"
"99","Diamide","11498025_chr16_375190_A_T","6781921_chr11_203766_C_T","-","vQTL-vQTL","1.01063914724","13.3692736006","14.3799127478","0","0.005","0.001101326","0.000143789"
"100","Diamide","4926536_chr08_96650_T_A","6296548_chr10_464134_T_C","-","vQTL-vQTL","0.965820338071","14.2146881861","15.1805085242","0","1","2.42e-06","0.003977768"
"101","Diamide","4926536_chr08_96650_T_A","4013393_chr07_274454_A_C","-","vQTL-vQTL","1.46713094194","16.4047035963","17.8718345383","0","0.369","2.42e-06","4.04e-05"
"102","Diamide","6716623_chr11_138468_G_A","11498025_chr16_375190_A_T","-","vQTL-vQTL","0.875233024523","10.5905527673","11.4657857919","0.802","0","0.001915171","0.001101326"
"103","Diamide","5283420_chr08_453534_C_T","4926536_chr08_96650_T_A","-","vQTL-vQTL","0.802622582374","15.3096581312","16.1122807136","0.982","0","0.002796477","2.42e-06"
"104","Diamide","4137514_chr07_398575_G_A","8425338_chr13_102554_C_T","-","vQTL-vQTL","1.18782347248","26.5900596798","27.7778831523","0","0","0.002501188","0.001721873"
"105","Diamide","4137514_chr07_398575_G_A","4926536_chr08_96650_T_A","-","vQTL-vQTL","0.794885568308","27.8262578223","28.6211433906","0","0","0.002501188","2.42e-06"
"106","Diamide","8543509_chr13_220725_A_G","9947381_chr14_700168_C_T","-","vQTL-vQTL","0.625365793804","16.635132953","17.2604987468","0","1","0.000323873","0.00312975"
"107","Diamide","856658_chr02_626450_G_A","11498025_chr16_375190_A_T","-","vQTL-vQTL","0.933882140258","15.7970203372","16.7309024774","0","0","0.002782017","0.001101326"
"108","Diamide","856658_chr02_626450_G_A","9947381_chr14_700168_C_T","-","vQTL-vQTL","1.2074033944","8.28915182776","9.49655522216","0","1","0.002782017","0.00312975"
"109","Diamide","856658_chr02_626450_G_A","793730_chr02_563522_T_C","-","vQTL-vQTL","0.942047961706","10.2144120731","11.1564600348","0","0","0.002782017","0.002038348"
"110","Diamide","52940_chr01_52940_C_T","8584039_chr13_261255_A_G","-","vQTL-vQTL","1.10501420201","20.7717604017","21.8767746037","0.85","0","4.61e-07","0.00019553"
"111","Diamide","52940_chr01_52940_C_T","6781921_chr11_203766_C_T","-","vQTL-vQTL","1.21972382204","6.53186694516","7.7515907672","0.85","0.005","4.61e-07","0.000143789"
"112","Diamide","52940_chr01_52940_C_T","8543509_chr13_220725_A_G","-","vQTL-vQTL","1.51024121505","18.4661623241","19.9764035392","0.85","0","4.61e-07","0.000323873"
"113","Diamide","52940_chr01_52940_C_T","793730_chr02_563522_T_C","-","vQTL-vQTL","0.831072637993","11.833168362","12.664241","0.85","0","4.61e-07","0.002038348"
"114","Diamide","52940_chr01_52940_C_T","856658_chr02_626450_G_A","-","vQTL-vQTL","0.665168733935","9.87514570146","10.5403144354","0.85","0","4.61e-07","0.002782017"
"115","Magnesium_Sulfate","7893869_chr12_649260_C_T","10188393_chr15_156847_T_C","QTL-QTL","-","4.22181240483","30.8028357403","35.0246481451","0","0","1.25e-09","1.76e-22"
"116","Magnesium_Sulfate","3926477_chr07_187538_T_A","10188393_chr15_156847_T_C","QTL-QTL","-","12.4341899418","74.0516339771","86.4858239189","0","0","8.84e-42","1.76e-22"
"117","Magnesium_Sulfate","3926477_chr07_187538_T_A","7893869_chr12_649260_C_T","QTL-QTL","-","4.12134934678","62.0440465127","66.1653958594","0","0","8.84e-42","1.25e-09"
"118","Magnesium_Sulfate","690404_chr02_460196_A_G","10188393_chr15_156847_T_C","QTL-QTL","-","1.60529761536","23.9874398504","25.5927374657","0.001","0","1.08e-06","1.76e-22"
"119","Magnesium_Sulfate","690404_chr02_460196_A_G","3926477_chr07_187538_T_A","QTL-QTL","-","3.04549821149","55.1746075324","58.2201057439","0.001","0","1.08e-06","8.84e-42"
"120","Magnesium_Sulfate","4566135_chr07_827196_T_C","10188393_chr15_156847_T_C","QTL-QTL","-","2.35534153118","26.9469704527","29.3023119838","0","0","7e-08","1.76e-22"
"121","Magnesium_Sulfate","4566135_chr07_827196_T_C","3926477_chr07_187538_T_A","QTL-QTL","-","3.46965431594","59.8356112827","63.3052655986","0","0","7e-08","8.84e-42"
"122","Magnesium_Sulfate","8543509_chr13_220725_A_G","3926477_chr07_187538_T_A","QTL-QTL","-","2.24221463954","54.5609032509","56.8031178904","0.018","0","0.000236096","8.84e-42"
"123","Magnesium_Sulfate","9662196_chr14_414983_T_C","10403602_chr15_372056_C_T","-","vQTL-vQTL","0.755099181646","3.73890569843","4.49400488007","0.596","0.991","0.002798052","0.002994479"
"124","Magnesium_Sulfate","3926477_chr07_187538_T_A","8538118_chr13_215334_T_C","-","vQTL-vQTL","3.28713234477","54.0769600231","57.3640923679","0","0.032","8.84e-42","0.000121141"
"125","Magnesium_Sulfate","3926477_chr07_187538_T_A","10403602_chr15_372056_C_T","-","vQTL-vQTL","1.05237124583","52.7966252595","53.8489965054","0","0.991","8.84e-42","0.002994479"
"126","Magnesium_Sulfate","3926477_chr07_187538_T_A","893681_chr02_663473_C_T","-","vQTL-vQTL","0.897766921419","51.4617302183","52.3594971398","0","1","8.84e-42","0.003743899"
"127","Magnesium_Sulfate","3926477_chr07_187538_T_A","9662196_chr14_414983_T_C","-","vQTL-vQTL","1.91904185979","53.3344341869","55.2534760467","0","0.596","8.84e-42","0.002798052"
"128","Magnesium_Sulfate","3926477_chr07_187538_T_A","8118333_chr12_873724_G_C","-","vQTL-vQTL","0.732697633654","52.0087331684","52.7414308021","0","0.705","8.84e-42","0.000312786"
"129","Magnesium_Sulfate","3926477_chr07_187538_T_A","777761_chr02_547553_C_T","-","vQTL-vQTL","1.82894663717","52.6043968557","54.4333434929","0","0.464","8.84e-42","2.85e-05"
"130","Magnesium_Sulfate","7893869_chr12_649260_C_T","10403602_chr15_372056_C_T","-","vQTL-vQTL","1.11828088353","10.9412784436","12.0595593272","0","0.991","1.25e-09","0.002994479"
"131","Magnesium_Sulfate","7893869_chr12_649260_C_T","8118333_chr12_873724_G_C","-","vQTL-vQTL","0.779261002313","10.8004446502","11.5797056525","0","0.705","1.25e-09","0.000312786"
"132","Magnesium_Sulfate","7893869_chr12_649260_C_T","3926477_chr07_187538_T_A","-","vQTL-vQTL","4.12134934678","62.0440465127","66.1653958594","0","0","1.25e-09","8.84e-42"
"133","Magnesium_Sulfate","4566135_chr07_827196_T_C","8118333_chr12_873724_G_C","-","vQTL-vQTL","1.29051038046","10.018060859","11.3085712395","0","0.705","7e-08","0.000312786"
"134","Magnesium_Sulfate","4566135_chr07_827196_T_C","777761_chr02_547553_C_T","-","vQTL-vQTL","0.811059425157","10.9961911999","11.8072506251","0","0.464","7e-08","2.85e-05"
"135","Magnesium_Sulfate","4566135_chr07_827196_T_C","3926477_chr07_187538_T_A","-","vQTL-vQTL","3.46965431594","59.8356112827","63.3052655986","0","0","7e-08","8.84e-42"
"136","Magnesium_Sulfate","11300424_chr16_177589_C_T","9662196_chr14_414983_T_C","-","vQTL-vQTL","0.735620569549","4.29004402774","5.02566459729","0.698","0.596","0.001160042","0.002798052"
"137","Magnesium_Sulfate","11300424_chr16_177589_C_T","3926477_chr07_187538_T_A","-","vQTL-vQTL","2.41817179267","54.0667107475","56.4848825401","0.698","0","0.001160042","8.84e-42"
"138","Magnesium_Sulfate","8056495_chr12_811886_T_C","10403602_chr15_372056_C_T","-","vQTL-vQTL","0.739392002246","3.69997128793","4.43936329018","0.533","0.991","0.000773683","0.002994479"
"139","Magnesium_Sulfate","8056495_chr12_811886_T_C","3926477_chr07_187538_T_A","-","vQTL-vQTL","1.04187708755","52.5822473931","53.6241244807","0.533","0","0.000773683","8.84e-42"
"140","Magnesium_Sulfate","8056495_chr12_811886_T_C","4566135_chr07_827196_T_C","-","vQTL-vQTL","1.5749191293","10.4523884153","12.0273075446","0.533","0","0.000773683","7e-08"
"141","Magnesium_Sulfate","10188393_chr15_156847_T_C","777761_chr02_547553_C_T","-","vQTL-vQTL","1.74430494295","21.7745304149","23.5188353578","0","0.464","1.76e-22","2.85e-05"
"142","Magnesium_Sulfate","10188393_chr15_156847_T_C","3926477_chr07_187538_T_A","-","vQTL-vQTL","12.4341899418","74.0516339771","86.4858239189","0","0","1.76e-22","8.84e-42"
"143","Magnesium_Sulfate","10188393_chr15_156847_T_C","7893869_chr12_649260_C_T","-","vQTL-vQTL","4.22181240483","30.8028357403","35.0246481451","0","0","1.76e-22","1.25e-09"
"144","Magnesium_Sulfate","10188393_chr15_156847_T_C","4566135_chr07_827196_T_C","-","vQTL-vQTL","2.35534153118","26.9469704527","29.3023119838","0","0","1.76e-22","7e-08"
"145","Magnesium_Sulfate","4680982_chr07_942043_G_C","8118333_chr12_873724_G_C","-","vQTL-vQTL","1.30852459801","8.84991885038","10.1584434484","0","0.705","1.3e-06","0.000312786"
"146","Magnesium_Sulfate","4680982_chr07_942043_G_C","3926477_chr07_187538_T_A","-","vQTL-vQTL","3.29085379976","59.9464266602","63.23728046","0","0","1.3e-06","8.84e-42"
"147","Magnesium_Sulfate","4680982_chr07_942043_G_C","7893869_chr12_649260_C_T","-","vQTL-vQTL","0.801150423095","15.3910946476","16.1922450707","0","0","1.3e-06","1.25e-09"
"148","Magnesium_Sulfate","4680982_chr07_942043_G_C","4566135_chr07_827196_T_C","-","vQTL-vQTL","1.37954630725","11.0182079039","12.3977542111","0","0","1.3e-06","7e-08"
"149","Magnesium_Sulfate","4680982_chr07_942043_G_C","8056495_chr12_811886_T_C","-","vQTL-vQTL","0.813939446964","8.97311015722","9.78704960418","0","0.533","1.3e-06","0.000773683"
"150","Magnesium_Sulfate","4680982_chr07_942043_G_C","10188393_chr15_156847_T_C","-","vQTL-vQTL","2.08848150974","25.1727059318","27.2611874416","0","0","1.3e-06","1.76e-22"
"151","Magnesium_Sulfate","4747987_chr07_1009048_G_A","8118333_chr12_873724_G_C","-","vQTL-vQTL","1.19160282677","6.1739586954","7.36556152217","0.022","0.705","1.96e-05","0.000312786"
"152","Magnesium_Sulfate","4747987_chr07_1009048_G_A","3926477_chr07_187538_T_A","-","vQTL-vQTL","2.57759933401","56.1774069628","58.7550062968","0.022","0","1.96e-05","8.84e-42"
"153","Magnesium_Sulfate","4747987_chr07_1009048_G_A","11300424_chr16_177589_C_T","-","vQTL-vQTL","0.981577149373","6.22985934172","7.21143649109","0.022","0.698","1.96e-05","0.001160042"
"154","Magnesium_Sulfate","4747987_chr07_1009048_G_A","10188393_chr15_156847_T_C","-","vQTL-vQTL","3.50446391746","23.3464747251","26.8509386425","0.022","0","1.96e-05","1.76e-22"
"155","Magnesium_Sulfate","7987398_chr12_742789_T_C","10403602_chr15_372056_C_T","-","vQTL-vQTL","1.74691599463","6.52913782398","8.27605381861","0","0.991","1.29e-06","0.002994479"
"156","Magnesium_Sulfate","7987398_chr12_742789_T_C","3926477_chr07_187538_T_A","-","vQTL-vQTL","2.78033680978","55.368601447","58.1489382568","0","0","1.29e-06","8.84e-42"
"157","Magnesium_Sulfate","7987398_chr12_742789_T_C","4566135_chr07_827196_T_C","-","vQTL-vQTL","2.58889580963","13.3162176435","15.9051134532","0","0","1.29e-06","7e-08"
"158","Magnesium_Sulfate","7987398_chr12_742789_T_C","10188393_chr15_156847_T_C","-","vQTL-vQTL","1.60890552358","23.855242385","25.4641479085","0","0","1.29e-06","1.76e-22"
"159","Magnesium_Sulfate","7987398_chr12_742789_T_C","4680982_chr07_942043_G_C","-","vQTL-vQTL","3.78560110758","11.5308463448","15.3164474524","0","0","1.29e-06","1.3e-06"
"160","Magnesium_Sulfate","7987398_chr12_742789_T_C","4747987_chr07_1009048_G_A","-","vQTL-vQTL","1.65402775002","8.87082833283","10.5248560829","0","0.022","1.29e-06","1.96e-05"
"161","Magnesium_Sulfate","2768448_chr04_1408445_C_G","8118333_chr12_873724_G_C","-","vQTL-vQTL","1.52507075765","5.00750845156","6.53257920921","0.13","0.705","0.000113745","0.000312786"
"162","Magnesium_Sulfate","2768448_chr04_1408445_C_G","3926477_chr07_187538_T_A","-","vQTL-vQTL","2.08756765462","54.5224012551","56.6099689098","0.13","0","0.000113745","8.84e-42"
"163","Magnesium_Sulfate","2768448_chr04_1408445_C_G","7893869_chr12_649260_C_T","-","vQTL-vQTL","0.826347205035","12.6150880811","13.4414352861","0.13","0","0.000113745","1.25e-09"
"164","Magnesium_Sulfate","2768448_chr04_1408445_C_G","8056495_chr12_811886_T_C","-","vQTL-vQTL","1.17329614517","5.37417122685","6.54746737202","0.13","0.533","0.000113745","0.000773683"
"165","Magnesium_Sulfate","2768448_chr04_1408445_C_G","10188393_chr15_156847_T_C","-","vQTL-vQTL","1.57980419646","22.0066721319","23.5864763284","0.13","0","0.000113745","1.76e-22"
"166","Magnesium_Sulfate","2768448_chr04_1408445_C_G","7987398_chr12_742789_T_C","-","vQTL-vQTL","1.06701450109","8.31677228248","9.38378678356","0.13","0","0.000113745","1.29e-06"
"167","Magnesium_Sulfate","3094391_chr05_202469_C_T","3926477_chr07_187538_T_A","-","vQTL-vQTL","0.752940486116","53.151060026","53.9040005121","0.832","0","0.001012196","8.84e-42"
"168","Magnesium_Sulfate","7097707_chr11_519552_G_A","3926477_chr07_187538_T_A","-","vQTL-vQTL","1.19450210646","52.1050039299","53.2995060364","0.651","0","0.000418326","8.84e-42"
"169","Magnesium_Sulfate","7097707_chr11_519552_G_A","4566135_chr07_827196_T_C","-","vQTL-vQTL","1.24254375795","9.97321550576","11.2157592637","0.651","0","0.000418326","7e-08"
"170","Magnesium_Sulfate","7097707_chr11_519552_G_A","4680982_chr07_942043_G_C","-","vQTL-vQTL","1.7284140337","8.41883543713","10.1472494708","0.651","0","0.000418326","1.3e-06"
"171","Magnesium_Sulfate","7097707_chr11_519552_G_A","4747987_chr07_1009048_G_A","-","vQTL-vQTL","0.854085413057","6.02047985824","6.8745652713","0.651","0.022","0.000418326","1.96e-05"
"172","Magnesium_Sulfate","7097707_chr11_519552_G_A","3094391_chr05_202469_C_T","-","vQTL-vQTL","1.08619099743","4.22367868535","5.30986968278","0.651","0.832","0.000418326","0.001012196"
"173","Magnesium_Sulfate","705752_chr02_475544_A_G","9662196_chr14_414983_T_C","-","vQTL-vQTL","1.18679793609","7.14384109626","8.33063903235","0.005","0.596","6.05e-07","0.002798052"
"174","Magnesium_Sulfate","705752_chr02_475544_A_G","8118333_chr12_873724_G_C","-","vQTL-vQTL","0.946574542807","6.99083252371","7.93740706652","0.005","0.705","6.05e-07","0.000312786"
"175","Magnesium_Sulfate","705752_chr02_475544_A_G","3926477_chr07_187538_T_A","-","vQTL-vQTL","3.50583169718","55.1014811963","58.6073128935","0.005","0","6.05e-07","8.84e-42"
"176","Magnesium_Sulfate","705752_chr02_475544_A_G","11300424_chr16_177589_C_T","-","vQTL-vQTL","0.732739089263","6.51170567324","7.24444476251","0.005","0.698","6.05e-07","0.001160042"
"177","Magnesium_Sulfate","705752_chr02_475544_A_G","10188393_chr15_156847_T_C","-","vQTL-vQTL","1.42920062258","23.5955194101","25.0247200327","0.005","0","6.05e-07","1.76e-22"
"178","Magnesium_Sulfate","705752_chr02_475544_A_G","2768448_chr04_1408445_C_G","-","vQTL-vQTL","1.12355759765","7.79426020042","8.91781779808","0.005","0.13","6.05e-07","0.000113745"
"179","Tunicamycin","5944313_chr10_111899_C_T","8368585_chr13_45801_T_C","QTL-QTL","-","1.56833219308","16.2579452951","17.8262774882","0","0.012","0.064445904","0.00427433"
"180","Tunicamycin","2735257_chr04_1375254_C_T","6490114_chr10_657700_C_T","QTL-QTL","-","1.72705274841","51.6459708569","53.3730236053","0","0","0.074714843","0.550586348"
"181","Tunicamycin","9754134_chr14_506921_G_A","3397115_chr05_505193_G_A","-","vQTL-vQTL","0.160839796823","2.46472565694","2.62556545377","0.541","1","0.004756255","0.001783996"
"182","Tunicamycin","9754134_chr14_506921_G_A","4118685_chr07_379746_A_G","-","vQTL-vQTL","1.08019018004","2.95530207209","4.03549225213","0.541","1","0.004756255","0.002418316"
"183","Tunicamycin","11690862_chr16_568027_C_T","3397115_chr05_505193_G_A","-","vQTL-vQTL","0.306385011581","0.987886442953","1.29427145453","1","1","0.001119731","0.001783996"
"184","Tunicamycin","11690862_chr16_568027_C_T","4118685_chr07_379746_A_G","-","vQTL-vQTL","0.724625665792","1.48096693845","2.20559260425","1","1","0.001119731","0.002418316"
"185","Tunicamycin","11690862_chr16_568027_C_T","9754134_chr14_506921_G_A","-","vQTL-vQTL","0.149453645092","3.28004889848","3.42950254357","1","0.541","0.001119731","0.004756255"
"186","Tunicamycin","5546621_chr09_154092_G_A","3397115_chr05_505193_G_A","-","vQTL-vQTL","0.074648116023","0.495174449092","0.569822565115","1","1","0.000447894","0.001783996"
"187","Tunicamycin","5546621_chr09_154092_G_A","9754134_chr14_506921_G_A","-","vQTL-vQTL","0.152583016288","2.64802880354","2.80061181983","1","0.541","0.000447894","0.004756255"
"188","Tunicamycin","5546621_chr09_154092_G_A","11690862_chr16_568027_C_T","-","vQTL-vQTL","0.188416525879","1.34042327255","1.52883979843","1","1","0.000447894","0.001119731"
"189","Indoleacetic_Acid","1235314_chr03_191928_C_T","8732386_chr13_409602_T_C","QTL-QTL","-","0.938711205378","14.3194632277","15.2581744331","0","0.003","2.87e-11","0.002887165"
"190","Indoleacetic_Acid","1235314_chr03_191928_C_T","2375754_chr04_1015751_C_G","QTL-QTL","-","3.18739916766","22.3383776743","25.5257768419","0","0","2.87e-11","2.07e-09"
"191","Indoleacetic_Acid","4928366_chr08_98480_A_T","8732386_chr13_409602_T_C","QTL-QTL","-","1.06478094923","26.8186924041","27.8834733533","0","0.003","3.36e-20","0.002887165"
"192","Indoleacetic_Acid","4928366_chr08_98480_A_T","2375754_chr04_1015751_C_G","QTL-QTL","-","10.2390725387","36.8350786025","47.0741511412","0","0","3.36e-20","2.07e-09"
"193","Indoleacetic_Acid","4928366_chr08_98480_A_T","1235314_chr03_191928_C_T","QTL-QTL","-","11.5022872329","32.9527475193","44.4550347522","0","0","3.36e-20","2.87e-11"
"194","Indoleacetic_Acid","9632917_chr14_385704_A_T","1235314_chr03_191928_C_T","QTL-QTL","-","0.923271714651","40.3027850946","41.2260568092","0","0","0.032426466","2.87e-11"
"195","Indoleacetic_Acid","9632917_chr14_385704_A_T","4928366_chr08_98480_A_T","QTL-QTL","-","0.761123186139","52.4149619488","53.176085135","0","0","0.032426466","3.36e-20"
"196","Indoleacetic_Acid","10325929_chr15_294383_G_A","1234147_chr03_190761_C_T","-","vQTL-vQTL","1.22340738998","10.7624102271","11.9858176171","1","0","0.000900935","1.77e-11"
"197","Indoleacetic_Acid","8003773_chr12_759164_A_G","10325929_chr15_294383_G_A","-","vQTL-vQTL","1.80896464986","3.14791751726","4.95688216712","0.913","1","0.003160082","0.000900935"
"198","Indoleacetic_Acid","9884944_chr14_637731_G_C","1234147_chr03_190761_C_T","-","vQTL-vQTL","2.35901368472","13.2237177042","15.582731389","0.034","0","0.000675964","1.77e-11"
"199","Indoleacetic_Acid","8735817_chr13_413033_A_G","1234147_chr03_190761_C_T","-","vQTL-vQTL","1.61821849208","14.2988750179","15.91709351","0.003","0","0.00047737","1.77e-11"
"200","Indoleacetic_Acid","8735817_chr13_413033_A_G","10325929_chr15_294383_G_A","-","vQTL-vQTL","1.33899187024","6.11575528094","7.45474715118","0.003","1","0.00047737","0.000900935"
"201","Indoleacetic_Acid","2357624_chr04_997621_A_G","1234147_chr03_190761_C_T","-","vQTL-vQTL","4.08287529054","21.6912374481","25.7741127386","0","0","1.58e-11","1.77e-11"
"202","Indoleacetic_Acid","2357624_chr04_997621_A_G","8074979_chr12_830370_G_A","-","vQTL-vQTL","1.2258118079","12.8950207666","14.1208325745","0","1","1.58e-11","0.004679608"
"203","Indoleacetic_Acid","2357624_chr04_997621_A_G","10325929_chr15_294383_G_A","-","vQTL-vQTL","1.06950426857","13.2007167238","14.2702209924","0","1","1.58e-11","0.000900935"
"204","Indoleacetic_Acid","2357624_chr04_997621_A_G","8003773_chr12_759164_A_G","-","vQTL-vQTL","0.574242588839","13.9295268968","14.5037694856","0","0.913","1.58e-11","0.003160082"
"205","Indoleacetic_Acid","2357624_chr04_997621_A_G","9884944_chr14_637731_G_C","-","vQTL-vQTL","0.742279566014","14.6941512969","15.4364308629","0","0.034","1.58e-11","0.000675964"
"206","Indoleacetic_Acid","5687514_chr09_294985_G_A","1234147_chr03_190761_C_T","-","vQTL-vQTL","0.67920069098","10.160537191","10.839737882","1","0","0.004636776","1.77e-11"
"207","Indoleacetic_Acid","5687514_chr09_294985_G_A","8074979_chr12_830370_G_A","-","vQTL-vQTL","0.827799855489","1.49019918985","2.31799904534","1","1","0.004636776","0.004679608"
"208","Indoleacetic_Acid","5687514_chr09_294985_G_A","9884944_chr14_637731_G_C","-","vQTL-vQTL","2.38928552626","4.28280595505","6.67209148131","1","0.034","0.004636776","0.000675964"
"209","Indoleacetic_Acid","5687514_chr09_294985_G_A","2357624_chr04_997621_A_G","-","vQTL-vQTL","0.969095773581","12.8481532247","13.8172489983","1","0","0.004636776","1.58e-11"
"210","Indoleacetic_Acid","10478910_chr15_447364_T_C","8003773_chr12_759164_A_G","-","vQTL-vQTL","0.643506461159","2.5472598382","3.19076629936","1","0.913","0.002562702","0.003160082"
"211","Indoleacetic_Acid","10478910_chr15_447364_T_C","8735817_chr13_413033_A_G","-","vQTL-vQTL","0.602984218747","5.50941597243","6.11240019118","1","0.003","0.002562702","0.00047737"
"212","Indoleacetic_Acid","10195056_chr15_163510_T_C","8074979_chr12_830370_G_A","-","vQTL-vQTL","0.882224674634","1.03695199604","1.91917667068","1","1","0.003558974","0.004679608"
"213","Indoleacetic_Acid","10195056_chr15_163510_T_C","8003773_chr12_759164_A_G","-","vQTL-vQTL","4.24587924811","2.06090288024","6.30678212835","1","0.913","0.003558974","0.003160082"
"214","Indoleacetic_Acid","10195056_chr15_163510_T_C","9884944_chr14_637731_G_C","-","vQTL-vQTL","0.703186296431","3.83261943866","4.53580573509","1","0.034","0.003558974","0.000675964"
"215","Indoleacetic_Acid","4930902_chr08_101016_G_A","1234147_chr03_190761_C_T","-","vQTL-vQTL","10.3565225967","32.5438598637","42.9003824604","0","0","1.22e-20","1.77e-11"
"216","Indoleacetic_Acid","4930902_chr08_101016_G_A","8074979_chr12_830370_G_A","-","vQTL-vQTL","1.53574291835","22.7478392047","24.2835821231","0","1","1.22e-20","0.004679608"
"217","Indoleacetic_Acid","4930902_chr08_101016_G_A","10325929_chr15_294383_G_A","-","vQTL-vQTL","3.96990212379","22.6112696035","26.5811717273","0","1","1.22e-20","0.000900935"
"218","Indoleacetic_Acid","4930902_chr08_101016_G_A","8003773_chr12_759164_A_G","-","vQTL-vQTL","1.28453401607","23.0785550298","24.3630890459","0","0.913","1.22e-20","0.003160082"
"219","Indoleacetic_Acid","4930902_chr08_101016_G_A","9884944_chr14_637731_G_C","-","vQTL-vQTL","2.31107118016","25.6394092119","27.9504803921","0","0.034","1.22e-20","0.000675964"
"220","Indoleacetic_Acid","4930902_chr08_101016_G_A","8735817_chr13_413033_A_G","-","vQTL-vQTL","1.52588197125","26.8647706813","28.3906526525","0","0.003","1.22e-20","0.00047737"
"221","Indoleacetic_Acid","4930902_chr08_101016_G_A","2357624_chr04_997621_A_G","-","vQTL-vQTL","12.4061456005","36.404483492","48.8106290926","0","0","1.22e-20","1.58e-11"
"222","Indoleacetic_Acid","4930902_chr08_101016_G_A","5687514_chr09_294985_G_A","-","vQTL-vQTL","2.18685404492","21.8335507356","24.0204047806","0","1","1.22e-20","0.004636776"
"223","Indoleacetic_Acid","4930902_chr08_101016_G_A","10478910_chr15_447364_T_C","-","vQTL-vQTL","1.99044229372","21.7509984096","23.7414407034","0","1","1.22e-20","0.002562702"
"224","Indoleacetic_Acid","4930902_chr08_101016_G_A","10195056_chr15_163510_T_C","-","vQTL-vQTL","2.04639041359","21.8953637538","23.9417541674","0","1","1.22e-20","0.003558974"
"225","Indoleacetic_Acid","6006147_chr10_173733_T_C","1234147_chr03_190761_C_T","-","vQTL-vQTL","0.6765984555","11.3825055217","12.0591039772","0.776","0","0.00055548","1.77e-11"
"226","Indoleacetic_Acid","6006147_chr10_173733_T_C","10325929_chr15_294383_G_A","-","vQTL-vQTL","1.05938939414","3.24987212142","4.30926151557","0.776","1","0.00055548","0.000900935"
"227","Indoleacetic_Acid","6006147_chr10_173733_T_C","9884944_chr14_637731_G_C","-","vQTL-vQTL","0.690456547962","5.70523033998","6.39568688795","0.776","0.034","0.00055548","0.000675964"
"228","Indoleacetic_Acid","6006147_chr10_173733_T_C","2357624_chr04_997621_A_G","-","vQTL-vQTL","0.642043379344","14.2991578549","14.9412012343","0.776","0","0.00055548","1.58e-11"
"229","Indoleacetic_Acid","6006147_chr10_173733_T_C","10478910_chr15_447364_T_C","-","vQTL-vQTL","1.13004054492","2.74988011257","3.87992065749","0.776","1","0.00055548","0.002562702"
"230","Indoleacetic_Acid","6006147_chr10_173733_T_C","4930902_chr08_101016_G_A","-","vQTL-vQTL","1.91573945746","22.8308372404","24.7465766979","0.776","0","0.00055548","1.22e-20"
"231","Indoleacetic_Acid","9713318_chr14_466105_G_A","1234147_chr03_190761_C_T","-","vQTL-vQTL","5.25493920659","28.8509789402","34.1059181468","0","0","2.18e-06","1.77e-11"
"232","Indoleacetic_Acid","9713318_chr14_466105_G_A","10325929_chr15_294383_G_A","-","vQTL-vQTL","1.89357305379","18.9113325837","20.8049056375","0","1","2.18e-06","0.000900935"
"233","Indoleacetic_Acid","9713318_chr14_466105_G_A","2357624_chr04_997621_A_G","-","vQTL-vQTL","2.35507084153","30.3804693253","32.7355401668","0","0","2.18e-06","1.58e-11"
"234","Indoleacetic_Acid","9713318_chr14_466105_G_A","5687514_chr09_294985_G_A","-","vQTL-vQTL","2.12692808906","18.6517124224","20.7786405115","0","1","2.18e-06","0.004636776"
"235","Indoleacetic_Acid","9713318_chr14_466105_G_A","10478910_chr15_447364_T_C","-","vQTL-vQTL","1.29159010461","18.3685068215","19.6600969261","0","1","2.18e-06","0.002562702"
"236","Indoleacetic_Acid","9713318_chr14_466105_G_A","10195056_chr15_163510_T_C","-","vQTL-vQTL","0.722708567581","18.3368148276","19.0595233951","0","1","2.18e-06","0.003558974"
"237","Indoleacetic_Acid","9713318_chr14_466105_G_A","4930902_chr08_101016_G_A","-","vQTL-vQTL","6.57410167582","41.190431405","47.7645330809","0","0","2.18e-06","1.22e-20"
"238","Formamide","9734464_chr14_487251_G_C","4931376_chr08_101490_G_A","QTL-QTL","-","3.72043833953","27.6454266899","31.3658650294","0","0","9.96e-12","8.36e-08"
"239","Formamide","2357624_chr04_997621_A_G","4931376_chr08_101490_G_A","QTL-QTL","-","7.34645760078","27.6767933761","35.0232509768","0.001","0","1.28e-10","8.36e-08"
"240","Formamide","2357624_chr04_997621_A_G","9734464_chr14_487251_G_C","QTL-QTL","-","3.04364557166","10.8874239002","13.9310694719","0.001","0","1.28e-10","9.96e-12"
"241","Formamide","1239713_chr03_196327_C_T","10194799_chr15_163253_T_C","QTL-QTL","-","1.16699292838","12.3217258839","13.4887188123","0.014","0","0.354343371","0.66680523"
"242","Formamide","1239713_chr03_196327_C_T","4931376_chr08_101490_G_A","QTL-QTL","-","1.85011217065","25.8257934052","27.6759055759","0.014","0","0.354343371","8.36e-08"
"243","Formamide","2339983_chr04_979980_A_G","9713803_chr14_466590_T_G","-","vQTL-vQTL","5.1552601834","9.91247424165","15.0677344251","0.004","0.004","1.82e-11","4.02e-13"
"244","Formamide","10375467_chr15_343921_A_G","9713803_chr14_466590_T_G","-","vQTL-vQTL","0.7963148723","6.41535379314","7.21166866544","0.978","0.004","1.28e-05","4.02e-13"
"245","Formamide","10375467_chr15_343921_A_G","2339983_chr04_979980_A_G","-","vQTL-vQTL","0.562065700115","6.47003914907","7.03210484919","0.978","0.004","1.28e-05","1.82e-11"
"246","Formamide","4909394_chr08_79508_T_C","9713803_chr14_466590_T_G","-","vQTL-vQTL","5.27594929849","22.7556417036","28.0315910021","0","0.004","1.05e-08","4.02e-13"
"247","Formamide","4909394_chr08_79508_T_C","10478910_chr15_447364_T_C","-","vQTL-vQTL","0.497246743136","17.2918413569","17.7890881","0","1","1.05e-08","0.002980044"
"248","Formamide","4909394_chr08_79508_T_C","2339983_chr04_979980_A_G","-","vQTL-vQTL","7.6364509559","22.7726971564","30.4091481123","0","0.004","1.05e-08","1.82e-11"
"249","Formamide","4909394_chr08_79508_T_C","10375467_chr15_343921_A_G","-","vQTL-vQTL","1.14463601554","18.5749037625","19.719539778","0","0.978","1.05e-08","1.28e-05"
"250","Formamide","3656550_chr06_187759_G_A","9713803_chr14_466590_T_G","-","vQTL-vQTL","0.281681474196","6.12179127517","6.40347274936","1","0.004","0.00033102","4.02e-13"
"251","Formamide","3656550_chr06_187759_G_A","2339983_chr04_979980_A_G","-","vQTL-vQTL","0.968231974966","6.14001614531","7.10824812028","1","0.004","0.00033102","1.82e-11"
"252","Formamide","9875845_chr14_628632_G_C","4909394_chr08_79508_T_C","-","vQTL-vQTL","0.80735425309","18.6529634346","19.4603176877","1","0","0.001382791","1.05e-08"
"253","Formamide","9875845_chr14_628632_G_C","3656550_chr06_187759_G_A","-","vQTL-vQTL","0.714659619441","2.54858365995","3.26324327939","1","1","0.001382791","0.00033102"
"254","Formamide","7354315_chr12_109706_T_A","9713803_chr14_466590_T_G","-","vQTL-vQTL","0.3789200323","5.63973672712","6.01865675942","1","0.004","0.001032255","4.02e-13"
"255","Formamide","7354315_chr12_109706_T_A","2339983_chr04_979980_A_G","-","vQTL-vQTL","0.709928958198","5.60248861982","6.31241757802","1","0.004","0.001032255","1.82e-11"
"256","Formamide","7354315_chr12_109706_T_A","4909394_chr08_79508_T_C","-","vQTL-vQTL","0.979599923988","18.0896486533","19.0692485773","1","0","0.001032255","1.05e-08"
"257","Formamide","7354315_chr12_109706_T_A","3656550_chr06_187759_G_A","-","vQTL-vQTL","0.684725154968","2.40252568024","3.08725083521","1","1","0.001032255","0.00033102"
"258","Formamide","7354315_chr12_109706_T_A","9875845_chr14_628632_G_C","-","vQTL-vQTL","0.454927772164","2.13186490099","2.58679267315","1","1","0.001032255","0.001382791"
"259","Hydroquinone","11729218_chr16_606383_C_T","10261611_chr15_230065_C_T","QTL-QTL","-","1.62571616791","19.5125160545","21.1382322225","0.002","0","0.014601996","3.56e-07"
"260","Hydroquinone","1823264_chr04_463261_C_A","10261611_chr15_230065_C_T","QTL-QTL","-","1.28777838689","38.1512510293","39.4390294161","0","0","6.57e-13","3.56e-07"
"261","Hydroquinone","11331581_chr16_208746_G_A","10261611_chr15_230065_C_T","QTL-QTL","-","1.11647791313","21.0731639006","22.1896418137","0","0","0.000766523","3.56e-07"
"262","Hydroquinone","11331581_chr16_208746_G_A","10258695_chr15_227149_A_C","-","vQTL-vQTL","1.0511960512","20.8288972842","21.8800933354","0","0","0.000766523","1.32e-07"
"263","Hydroquinone","1823264_chr04_463261_C_A","3158912_chr05_266990_T_C","-","vQTL-vQTL","0.780471898264","24.0327942222","24.8132661205","0","0.806","6.57e-13","6.75e-05"
"264","Hydroquinone","1823264_chr04_463261_C_A","2975060_chr05_83138_G_A","-","vQTL-vQTL","0.858955044928","24.1424669107","25.0014219556","0","0.637","6.57e-13","0.00200931"
"265","Hydroquinone","1823264_chr04_463261_C_A","10258695_chr15_227149_A_C","-","vQTL-vQTL","1.40827957973","38.062550148","39.4708297277","0","0","6.57e-13","1.32e-07"
"266","Hydroquinone","10108704_chr15_77158_G_T","2975060_chr05_83138_G_A","-","vQTL-vQTL","0.681788657171","7.08700373926","7.76879239643","0.001","0.637","1.34e-07","0.00200931"
"267","Hydroquinone","10108704_chr15_77158_G_T","1823264_chr04_463261_C_A","-","vQTL-vQTL","3.22116899046","27.2066865135","30.4278555039","0.001","0","1.34e-07","6.57e-13"
"268","Hydroquinone","6461538_chr10_629124_T_C","10258695_chr15_227149_A_C","-","vQTL-vQTL","1.54689025169","17.7127928698","19.2596831215","0.15","0","1.56e-05","1.32e-07"
"269","Hydroquinone","6461538_chr10_629124_T_C","1823264_chr04_463261_C_A","-","vQTL-vQTL","0.897237160824","24.7866489646","25.6838861254","0.15","0","1.56e-05","6.57e-13"
"270","Hydroquinone","6461538_chr10_629124_T_C","10108704_chr15_77158_G_T","-","vQTL-vQTL","2.47193340787","8.10154062685","10.5734740347","0.15","0.001","1.56e-05","1.34e-07"
"271","Hydroquinone","5018700_chr08_188814_C_T","10258695_chr15_227149_A_C","-","vQTL-vQTL","0.985709385069","17.1476890309","18.1333984159","0.648","0","4.4e-06","1.32e-07"
"272","Hydroquinone","5018700_chr08_188814_C_T","11331581_chr16_208746_G_A","-","vQTL-vQTL","1.55720240329","7.36140850743","8.91861091072","0.648","0","4.4e-06","0.000766523"
"273","Hydroquinone","5018700_chr08_188814_C_T","1823264_chr04_463261_C_A","-","vQTL-vQTL","0.800803559635","23.3129882526","24.1137918122","0.648","0","4.4e-06","6.57e-13"
"274","Hydroquinone","5018700_chr08_188814_C_T","10108704_chr15_77158_G_T","-","vQTL-vQTL","1.89003297539","7.24547946859","9.13551244398","0.648","0.001","4.4e-06","1.34e-07"
"275","Hydroquinone","3081520_chr05_189598_A_G","1823264_chr04_463261_C_A","-","vQTL-vQTL","0.645377030892","25.4786055074","26.1239825383","0.201","0","0.001045308","6.57e-13"
"276","Hydroquinone","11645942_chr16_523107_G_A","10258695_chr15_227149_A_C","-","vQTL-vQTL","1.75590774241","18.8463890735","20.602296816","0.021","0","0.003808592","1.32e-07"
"277","Hydroquinone","11645942_chr16_523107_G_A","1823264_chr04_463261_C_A","-","vQTL-vQTL","0.68005309896","24.6159702101","25.296023309","0.021","0","0.003808592","6.57e-13"
"278","Hydroquinone","11645942_chr16_523107_G_A","10108704_chr15_77158_G_T","-","vQTL-vQTL","1.17481130278","9.40061940722","10.57543071","0.021","0.001","0.003808592","1.34e-07"
"279","Hydroquinone","11645942_chr16_523107_G_A","5018700_chr08_188814_C_T","-","vQTL-vQTL","0.568891001321","5.76924293294","6.33813393426","0.021","0.648","0.003808592","4.4e-06"
"280","Hydroquinone","10661629_chr15_630083_A_G","2975060_chr05_83138_G_A","-","vQTL-vQTL","0.681506579715","5.16368777974","5.84519435945","0.191","0.637","2e-06","0.00200931"
"281","Hydroquinone","10661629_chr15_630083_A_G","1823264_chr04_463261_C_A","-","vQTL-vQTL","0.950070712713","24.6488231264","25.5988938391","0.191","0","2e-06","6.57e-13"
"282","Hydroquinone","10661629_chr15_630083_A_G","10108704_chr15_77158_G_T","-","vQTL-vQTL","0.655320217372","7.95759491978","8.61291513715","0.191","0.001","2e-06","1.34e-07"
"283","Hydroquinone","10661629_chr15_630083_A_G","3081520_chr05_189598_A_G","-","vQTL-vQTL","2.12524480147","6.04744691078","8.17269171225","0.191","0.201","2e-06","0.001045308"
"284","Hydroquinone","1465248_chr04_105245_A_G","6461538_chr10_629124_T_C","-","vQTL-vQTL","0.700745015503","4.08495162954","4.78569664504","0.999","0.15","0.00113149","1.56e-05"
"285","Hydroquinone","1602004_chr04_242001_G_C","10108704_chr15_77158_G_T","-","vQTL-vQTL","0.606143354179","6.11189535161","6.71803870579","1","0.001","0.000792875","1.34e-07"
"286","Hydroquinone","1602004_chr04_242001_G_C","5018700_chr08_188814_C_T","-","vQTL-vQTL","0.883268991494","3.33424800051","4.21751699201","1","0.648","0.000792875","4.4e-06"
"287","Hydroquinone","1602004_chr04_242001_G_C","10661629_chr15_630083_A_G","-","vQTL-vQTL","0.632456467859","4.09277655233","4.72523302019","1","0.191","0.000792875","2e-06"
"288","Hydroquinone","5106991_chr08_277105_G_A","11331581_chr16_208746_G_A","-","vQTL-vQTL","1.05939486339","6.06675943646","7.12615429986","1","0","0.00114215","0.000766523"
"289","Hydroquinone","10171454_chr15_139908_A_G","2975060_chr05_83138_G_A","-","vQTL-vQTL","1.01541004519","9.35584697388","10.3712570191","0","0.637","3.29e-07","0.00200931"
"290","Hydroquinone","10171454_chr15_139908_A_G","11331581_chr16_208746_G_A","-","vQTL-vQTL","1.09952828545","12.7150842092","13.8146124947","0","0","3.29e-07","0.000766523"
"291","Hydroquinone","10171454_chr15_139908_A_G","1823264_chr04_463261_C_A","-","vQTL-vQTL","2.99382446522","29.7255057084","32.7193301736","0","0","3.29e-07","6.57e-13"
"292","Hydroquinone","10171454_chr15_139908_A_G","5018700_chr08_188814_C_T","-","vQTL-vQTL","1.80919437057","9.45107193957","11.2602663101","0","0.648","3.29e-07","4.4e-06"
"293","Hydroquinone","10171454_chr15_139908_A_G","10661629_chr15_630083_A_G","-","vQTL-vQTL","1.7443180936","9.81999201482","11.5643101084","0","0.191","3.29e-07","2e-06"
"294","Hydroquinone","10171454_chr15_139908_A_G","1602004_chr04_242001_G_C","-","vQTL-vQTL","0.691496193357","8.41949659066","9.11099278401","0","1","3.29e-07","0.000792875"
"295","Hydroxyurea","10190451_chr15_158905_G_T","4648513_chr07_909574_A_G","-","vQTL-vQTL","0.314715313195","1.92141641528","2.23613172847","1","0.986","4.11e-05","0.002141325"
"296","Hydroxyurea","1989533_chr04_629530_G_C","4648513_chr07_909574_A_G","-","vQTL-vQTL","0.0293144149005","1.75084893382","1.78016334872","1","0.986","0.002413809","0.002141325"
"297","Hydroxyurea","1989533_chr04_629530_G_C","10190451_chr15_158905_G_T","-","vQTL-vQTL","0.820090254176","0.530293260468","1.35038351464","1","1","0.002413809","4.11e-05"
"298","Hydroxyurea","9780496_chr14_533283_A_G","1989533_chr04_629530_G_C","-","vQTL-vQTL","0.0558095469728","0.305015865499","0.360825412472","1","1","0.001365828","0.002413809"
"299","Hydroxyurea","185103_chr01_185103_G_A","4648513_chr07_909574_A_G","-","vQTL-vQTL","0.0556959730968","2.51598318978","2.57167916287","1","0.986","0.001126141","0.002141325"
"300","Hydroxyurea","185103_chr01_185103_G_A","10190451_chr15_158905_G_T","-","vQTL-vQTL","1.32856125382","1.36906362713","2.69762488094","1","1","0.001126141","4.11e-05"
"301","Hydroxyurea","185103_chr01_185103_G_A","1989533_chr04_629530_G_C","-","vQTL-vQTL","0.858770154125","1.15132158191","2.01009173603","1","1","0.001126141","0.002413809"
"302","x4NQO","7451949_chr12_207340_G_T","9714243_chr14_467030_A_G","QTL-QTL","-","3.35085304303","111.920320159","115.271173202","0","0","1.28e-44","3.14e-07"
"303","x4NQO","10674753_chr15_643207_C_T","7451949_chr12_207340_G_T","QTL-QTL","-","2.78241834323","90.1299415133","92.9123598565","0","0","8.49e-08","1.28e-44"
"304","x4NQO","11016402_chr15_984856_T_C","7451949_chr12_207340_G_T","QTL-QTL","-","1.35063387371","77.3550603378","78.7056942115","0","0","6.65e-05","1.28e-44"
"305","x4NQO","3326541_chr05_434619_T_C","3819813_chr07_80874_C_A","-","vQTL-vQTL","0.864199848","4.51737143855","5.38157128656","0.495","0.729","0.001076464","0.000701304"
"306","x4NQO","5892591_chr10_60177_T_A","5459210_chr09_66681_G_A","-","vQTL-vQTL","1.20413105957","3.65987285504","4.86400391461","0.992","0.764","0.002488283","0.001516344"
"307","x4NQO","5892591_chr10_60177_T_A","3326541_chr05_434619_T_C","-","vQTL-vQTL","1.33534060743","4.11703592538","5.4523765328","0.992","0.495","0.002488283","0.001076464"
"308","x4NQO","5892591_chr10_60177_T_A","9700304_chr14_453091_C_A","-","vQTL-vQTL","1.50089024719","24.5529677749","26.0538580221","0.992","0","0.002488283","1.79e-07"
"309","x4NQO","6735924_chr11_157769_T_C","9700304_chr14_453091_C_A","-","vQTL-vQTL","1.3657564984","24.1857836529","25.5515401513","1","0","0.002864318","1.79e-07"
"310","x4NQO","6735924_chr11_157769_T_C","5892591_chr10_60177_T_A","-","vQTL-vQTL","0.859666814473","2.34486124954","3.20452806401","1","0.992","0.002864318","0.002488283"
"311","x4NQO","10683581_chr15_652035_G_T","607793_chr02_377585_A_G","-","vQTL-vQTL","1.04616620072","17.9684522828","19.0146184835","0","0.619","1.38e-08","0.000924708"
"312","x4NQO","10683581_chr15_652035_G_T","4134679_chr07_395740_T_C","-","vQTL-vQTL","1.40199843662","18.9914488076","20.3934472442","0","0.125","1.38e-08","0.000452841"
"313","x4NQO","10683581_chr15_652035_G_T","5892591_chr10_60177_T_A","-","vQTL-vQTL","0.933484970053","17.1214255894","18.0549105595","0","0.992","1.38e-08","0.002488283"
"314","x4NQO","5566258_chr09_173729_G_A","10683581_chr15_652035_G_T","-","vQTL-vQTL","0.806637005439","16.830668152","17.6373051574","1","0","0.002808","1.38e-08"
"315","x4NQO","2965514_chr05_73592_C_T","607793_chr02_377585_A_G","-","vQTL-vQTL","1.21890050271","4.0353487399","5.25424924262","0.828","0.619","0.001451894","0.000924708"
"316","x4NQO","2965514_chr05_73592_C_T","4134679_chr07_395740_T_C","-","vQTL-vQTL","1.23972793462","5.06925290417","6.30898083879","0.828","0.125","0.001451894","0.000452841"
"317","x4NQO","2965514_chr05_73592_C_T","5892591_chr10_60177_T_A","-","vQTL-vQTL","0.861863587472","3.57406622016","4.43592980763","0.828","0.992","0.001451894","0.002488283"
"318","x4NQO","2965514_chr05_73592_C_T","10683581_chr15_652035_G_T","-","vQTL-vQTL","0.91214885906","18.0149761934","18.9271250524","0.828","0","0.001451894","1.38e-08"
"319","x4NQO","7451949_chr12_207340_G_T","607793_chr02_377585_A_G","-","vQTL-vQTL","0.992742786337","66.7195968559","67.7123396422","0","0.619","1.28e-44","0.000924708"
"320","x4NQO","7451949_chr12_207340_G_T","3819813_chr07_80874_C_A","-","vQTL-vQTL","1.35049991403","67.0076399663","68.3581398803","0","0.729","1.28e-44","0.000701304"
"321","x4NQO","7451949_chr12_207340_G_T","5459210_chr09_66681_G_A","-","vQTL-vQTL","3.79181883841","68.2602270986","72.052045937","0","0.764","1.28e-44","0.001516344"
"322","x4NQO","7451949_chr12_207340_G_T","4134679_chr07_395740_T_C","-","vQTL-vQTL","1.33645015637","69.598232042","70.9346821984","0","0.125","1.28e-44","0.000452841"
"323","x4NQO","7451949_chr12_207340_G_T","9700304_chr14_453091_C_A","-","vQTL-vQTL","3.62461493011","108.713486191","112.338101121","0","0","1.28e-44","1.79e-07"
"324","x4NQO","7451949_chr12_207340_G_T","5257670_chr08_427784_A_G","-","vQTL-vQTL","2.1084546801","67.5301798008","69.6386344809","0","0.7","1.28e-44","0.002383154"
"325","x4NQO","7451949_chr12_207340_G_T","7902242_chr12_657633_C_T","-","vQTL-vQTL","0.896075510711","73.5981765671","74.4942520778","0","0","1.28e-44","4.7e-05"
"326","x4NQO","7451949_chr12_207340_G_T","6735924_chr11_157769_T_C","-","vQTL-vQTL","0.77401341243","66.4107292933","67.1847427057","0","1","1.28e-44","0.002864318"
"327","x4NQO","7451949_chr12_207340_G_T","10683581_chr15_652035_G_T","-","vQTL-vQTL","3.58886471407","89.6374670241","93.2263317381","0","0","1.28e-44","1.38e-08"
"328","x4NQO","7451949_chr12_207340_G_T","5566258_chr09_173729_G_A","-","vQTL-vQTL","1.55605569043","65.9218539254","67.4779096159","0","1","1.28e-44","0.002808"
"329","x4NQO","7451949_chr12_207340_G_T","2965514_chr05_73592_C_T","-","vQTL-vQTL","2.08940405072","67.1877312866","69.2771353373","0","0.828","1.28e-44","0.001451894"
"330","x4NQO","3126590_chr05_234668_G_T","7451949_chr12_207340_G_T","-","vQTL-vQTL","1.97083499448","68.4445708149","70.4154058094","0.701","0","0.001461556","1.28e-44"
"331","x4NQO","10194799_chr15_163253_T_C","4134679_chr07_395740_T_C","-","vQTL-vQTL","0.758665456977","7.53949092063","8.29815637761","0.008","0.125","0.00041869","0.000452841"
"332","Cobalt_Chloride","1138913_chr03_95527_T_C","193254_chr01_193254_T_C","QTL-QTL","-","1.28967055596","13.3400364324","14.6297069884","0.019","0","0.998525579","0.006751405"
"333","Cobalt_Chloride","10204886_chr15_173340_A_C","7990647_chr12_746038_G_A","-","vQTL-vQTL","0.823266630529","21.5325806034","22.355847234","0.409","0","3.55e-10","0.002591647"
"334","Cobalt_Chloride","10204886_chr15_173340_A_C","7901502_chr12_656893_G_A","-","vQTL-vQTL","4.60920987627","77.3729624446","81.9821723209","0.409","0","3.55e-10","5.88e-08"
"335","Cobalt_Chloride","9772433_chr14_525220_A_G","7901502_chr12_656893_G_A","-","vQTL-vQTL","0.428291200454","73.2424780583","73.6707692587","1","0","0.003343357","5.88e-08"
"336","Cobalt_Chloride","9772433_chr14_525220_A_G","10204886_chr15_173340_A_C","-","vQTL-vQTL","0.328029658335","3.42535192403","3.75338158236","1","0.409","0.003343357","3.55e-10"
"337","Cobalt_Chloride","6474510_chr10_642096_A_T","7901502_chr12_656893_G_A","-","vQTL-vQTL","1.01924138871","77.2545931586","78.2738345473","0.002","0","1.35e-05","5.88e-08"
"338","Cobalt_Chloride","6474510_chr10_642096_A_T","9772433_chr14_525220_A_G","-","vQTL-vQTL","0.660873873542","5.99098546041","6.65185933395","0.002","1","1.35e-05","0.003343357"
"339","Cobalt_Chloride","6192267_chr10_359853_G_T","7901502_chr12_656893_G_A","-","vQTL-vQTL","2.09371171688","74.5639523562","76.657664073","0.996","0","0.001940856","5.88e-08"
"340","Cobalt_Chloride","6192267_chr10_359853_G_T","9772433_chr14_525220_A_G","-","vQTL-vQTL","0.207389256596","2.45632529774","2.66371455434","0.996","1","0.001940856","0.003343357"
"341","Cobalt_Chloride","6192267_chr10_359853_G_T","6474510_chr10_642096_A_T","-","vQTL-vQTL","1.11029597012","6.09701007713","7.20730604725","0.996","0.002","0.001940856","1.35e-05"
"342","Cobalt_Chloride","4248838_chr07_509899_T_G","7990647_chr12_746038_G_A","-","vQTL-vQTL","0.343164139652","23.7666562108","24.1098203504","0.004","0","1.96e-05","0.002591647"
"343","Cobalt_Chloride","4248838_chr07_509899_T_G","7901502_chr12_656893_G_A","-","vQTL-vQTL","0.414775959568","75.3699800701","75.7847560297","0.004","0","1.96e-05","5.88e-08"
"344","Cobalt_Chloride","4248838_chr07_509899_T_G","10204886_chr15_173340_A_C","-","vQTL-vQTL","0.886809330321","7.39554063793","8.28234996825","0.004","0.409","1.96e-05","3.55e-10"
"345","Cobalt_Chloride","4248838_chr07_509899_T_G","6474510_chr10_642096_A_T","-","vQTL-vQTL","0.319715951742","9.31739958643","9.63711553817","0.004","0.002","1.96e-05","1.35e-05"
"346","Cobalt_Chloride","4248838_chr07_509899_T_G","6192267_chr10_359853_G_T","-","vQTL-vQTL","0.629623731103","5.91636040063","6.54598413173","0.004","0.996","1.96e-05","0.001940856"
"347","Copper","9680363_chr14_433150_G_A","5038446_chr08_208560_C_T","QTL-QTL","-","2.18190331272","31.9495003044","34.1314036171","0","0","1.45e-08","2.65e-11"
"348","Copper","9680363_chr14_433150_G_A","7193142_chr11_614987_G_C","QTL-QTL","-","2.38608555197","16.2634498029","18.6495353549","0","0","1.45e-08","6.25e-05"
"349","Copper","8375710_chr13_52926_C_A","5038446_chr08_208560_C_T","QTL-QTL","-","5.18503508216","51.6176038665","56.8026389487","0","0","1.65e-13","2.65e-11"
"350","Copper","8375710_chr13_52926_C_A","7193142_chr11_614987_G_C","QTL-QTL","-","1.4668585603","33.2201567054","34.6870152657","0","0","1.65e-13","6.25e-05"
"351","Copper","8375710_chr13_52926_C_A","9680363_chr14_433150_G_A","QTL-QTL","-","2.460958687","35.0993520346","37.5603107216","0","0","1.65e-13","1.45e-08"
"352","Copper","7918497_chr12_673888_G_A","5038446_chr08_208560_C_T","QTL-QTL","-","4.05332972908","30.9659020574","35.0192317865","0","0","2.77e-06","2.65e-11"
"353","Copper","7918497_chr12_673888_G_A","9680363_chr14_433150_G_A","QTL-QTL","-","1.513013822","17.7569657487","19.2699795707","0","0","2.77e-06","1.45e-08"
"354","Copper","7918497_chr12_673888_G_A","8375710_chr13_52926_C_A","QTL-QTL","-","2.03796323642","34.8821208825","36.9200841189","0","0","2.77e-06","1.65e-13"
"355","Copper","5479115_chr09_86586_T_G","5038446_chr08_208560_C_T","QTL-QTL","-","3.4116292691","27.4528806709","30.86450994","0","0","0.000770975","2.65e-11"
"356","Copper","7957192_chr12_712583_C_T","5480973_chr09_88444_G_A","-","vQTL-vQTL","1.06226507418","13.0351359415","14.0974010157","0","0","1.24e-06","0.000489674"
"357","Copper","9626651_chr14_379438_A_T","5480973_chr09_88444_G_A","-","vQTL-vQTL","0.942633023431","11.9297185657","12.8723515891","0","0","7.78e-15","0.000489674"
"358","Copper","9626651_chr14_379438_A_T","7957192_chr12_712583_C_T","-","vQTL-vQTL","1.26754420634","12.4082305841","13.6757747904","0","0","7.78e-15","1.24e-06"
"359","Copper","7893869_chr12_649260_C_T","5480973_chr09_88444_G_A","-","vQTL-vQTL","1.46265204767","14.4732479001","15.9358999478","0","0","1.78e-06","0.000489674"
"360","Copper","7893869_chr12_649260_C_T","9626651_chr14_379438_A_T","-","vQTL-vQTL","1.24805885545","13.9504550221","15.1985138776","0","0","1.78e-06","7.78e-15"
"361","Copper","5038446_chr08_208560_C_T","5480973_chr09_88444_G_A","-","vQTL-vQTL","3.49569328085","27.3898092055","30.8855024864","0","0","2.65e-11","0.000489674"
"362","Copper","5038446_chr08_208560_C_T","7957192_chr12_712583_C_T","-","vQTL-vQTL","2.07486723918","27.8525377661","29.9274050052","0","0","2.65e-11","1.24e-06"
"363","Copper","5038446_chr08_208560_C_T","9626651_chr14_379438_A_T","-","vQTL-vQTL","2.77561301566","28.2043861194","30.9799991351","0","0","2.65e-11","7.78e-15"
"364","Copper","5038446_chr08_208560_C_T","7893869_chr12_649260_C_T","-","vQTL-vQTL","4.88125568051","31.0968356458","35.9780913263","0","0","2.65e-11","1.78e-06"
"365","Copper","8988510_chr13_665726_C_A","5480973_chr09_88444_G_A","-","vQTL-vQTL","1.07710610257","7.46445493593","8.5415610385","0.999","0","0.000605171","0.000489674"
"366","Copper","8988510_chr13_665726_C_A","5726587_chr09_334058_A_G","-","vQTL-vQTL","0.699623840874","1.92235304259","2.62197688346","0.999","1","0.000605171","0.004942333"
"367","Copper","8988510_chr13_665726_C_A","7893869_chr12_649260_C_T","-","vQTL-vQTL","1.13986740344","8.82717421031","9.96704161375","0.999","0","0.000605171","1.78e-06"
"368","Copper","8988510_chr13_665726_C_A","5038446_chr08_208560_C_T","-","vQTL-vQTL","1.14791256351","22.206839624","23.3547521875","0.999","0","0.000605171","2.65e-11"
"369","Copper","8492260_chr13_169476_A_G","7957192_chr12_712583_C_T","-","vQTL-vQTL","0.774736009791","13.3720383796","14.1467743894","0","0","2.31e-06","1.24e-06"
"370","Copper","8492260_chr13_169476_A_G","7893869_chr12_649260_C_T","-","vQTL-vQTL","1.78380680331","14.1541605738","15.9379673771","0","0","2.31e-06","1.78e-06"
"371","Copper","8492260_chr13_169476_A_G","5038446_chr08_208560_C_T","-","vQTL-vQTL","0.629556926805","28.0516655468","28.6812224736","0","0","2.31e-06","2.65e-11"
"372","Copper","8010725_chr12_766116_A_T","9626651_chr14_379438_A_T","-","vQTL-vQTL","1.61149381768","11.352730248","12.9642240657","0","0","3.08e-05","7.78e-15"
"373","Copper","8010725_chr12_766116_A_T","5038446_chr08_208560_C_T","-","vQTL-vQTL","1.21248776237","27.3404582907","28.552946053","0","0","3.08e-05","2.65e-11"
"374","Copper","8010725_chr12_766116_A_T","8492260_chr13_169476_A_G","-","vQTL-vQTL","0.677505852516","12.0282680683","12.7057739209","0","0","3.08e-05","2.31e-06"
"375","Copper","10914455_chr15_882909_G_C","7957192_chr12_712583_C_T","-","vQTL-vQTL","1.02706756011","7.92390147424","8.95096903435","1","0","0.001502226","1.24e-06"
"376","Copper","10914455_chr15_882909_G_C","5726587_chr09_334058_A_G","-","vQTL-vQTL","2.43544895753","1.95729046318","4.39273942071","1","1","0.001502226","0.004942333"
"377","Copper","10914455_chr15_882909_G_C","8010725_chr12_766116_A_T","-","vQTL-vQTL","1.90783812593","6.84372961801","8.75156774394","1","0","0.001502226","3.08e-05"
"378","Copper","1442574_chr04_82571_A_T","4156614_chr07_417675_A_G","-","vQTL-vQTL","1.09938542914","3.12138381551","4.22076924465","1","0.63","0.002697037","0.003779987"
"379","Copper","1442574_chr04_82571_A_T","11293070_chr16_170235_T_C","-","vQTL-vQTL","0.865811356826","1.1259736128","1.99178496963","1","1","0.002697037","0.004917829"
"380","Copper","1442574_chr04_82571_A_T","7957192_chr12_712583_C_T","-","vQTL-vQTL","1.19303093664","6.98949658151","8.18252751815","1","0","0.002697037","1.24e-06"
"381","Copper","1442574_chr04_82571_A_T","7893869_chr12_649260_C_T","-","vQTL-vQTL","0.969922929034","8.57515591791","9.54507884694","1","0","0.002697037","1.78e-06"
"382","Copper","1442574_chr04_82571_A_T","5038446_chr08_208560_C_T","-","vQTL-vQTL","0.72224830516","22.3893389283","23.1115872334","1","0","0.002697037","2.65e-11"
"383","Copper","1442574_chr04_82571_A_T","8492260_chr13_169476_A_G","-","vQTL-vQTL","1.09736360782","7.56731790136","8.66468150918","1","0","0.002697037","2.31e-06"
"384","Copper","3220443_chr05_328521_G_A","7957192_chr12_712583_C_T","-","vQTL-vQTL","1.24761722163","6.70813909145","7.95575631308","1","0","0.0033583","1.24e-06"
"385","Copper","3220443_chr05_328521_G_A","7893869_chr12_649260_C_T","-","vQTL-vQTL","2.78082172122","8.20525086564","10.9860725869","1","0","0.0033583","1.78e-06"
"386","Copper","3220443_chr05_328521_G_A","8010725_chr12_766116_A_T","-","vQTL-vQTL","2.42651715176","6.06566275029","8.49217990205","1","0","0.0033583","3.08e-05"
"387","Lithium_Chloride","1887446_chr04_527443_T_C","10181657_chr15_150111_G_A","QTL-QTL","-","2.551872459","101.951077659","104.502950118","0","0","0.137399828","0.000487685"
"388","Lithium_Chloride","611116_chr02_380908_T_C","7356434_chr12_111825_T_C","-","vQTL-vQTL","0.72284884997","0.95385032769","1.67669917766","1","1","0.003255322","0.002877232"
"389","Lithium_Chloride","8124562_chr12_879953_G_A","611116_chr02_380908_T_C","-","vQTL-vQTL","2.64968768371","1.76884028564","4.41852796936","1","1","0.004671178","0.003255322"
"390","Lithium_Chloride","1690291_chr04_330288_C_T","7356434_chr12_111825_T_C","-","vQTL-vQTL","0.650257559435","1.78815010914","2.43840766857","1","1","0.003709282","0.002877232"
"391","Lithium_Chloride","3175344_chr05_283422_T_C","504822_chr02_274614_C_T","-","vQTL-vQTL","1.25478269308","2.60205028261","3.85683297569","0.5","1","0.002523809","0.000528354"
"392","Lithium_Chloride","7921743_chr12_677134_C_T","7356434_chr12_111825_T_C","-","vQTL-vQTL","0.634544599934","5.42768015068","6.06222475061","0.003","1","0.001868443","0.002877232"
"393","Lithium_Chloride","12043009_chr16_920174_G_C","504822_chr02_274614_C_T","-","vQTL-vQTL","0.984727355893","0.329111858252","1.31383921414","1","1","0.002551946","0.000528354"
"394","Lithium_Chloride","8202615_chr12_958006_A_G","611116_chr02_380908_T_C","-","vQTL-vQTL","1.40939128588","0.46315849791","1.87254978379","1","1","0.003110758","0.003255322"
"395","Lithium_Chloride","8202615_chr12_958006_A_G","1690291_chr04_330288_C_T","-","vQTL-vQTL","0.730243283577","1.37783896156","2.10808224514","1","1","0.003110758","0.003709282"
"396","Lithium_Chloride","9735032_chr14_487819_C_T","8124562_chr12_879953_G_A","-","vQTL-vQTL","0.561514165116","1.32522714486","1.88674130998","1","1","1.24e-05","0.004671178"
"397","Lithium_Chloride","9735032_chr14_487819_C_T","8202615_chr12_958006_A_G","-","vQTL-vQTL","1.4240946035","0.0632182131542","1.48731281665","1","1","1.24e-05","0.003110758"
"398","Lithium_Chloride","10174154_chr15_142608_C_A","8124562_chr12_879953_G_A","-","vQTL-vQTL","1.63775174917","23.9869101054","25.6246618546","0","1","2.87e-05","0.004671178"
"399","Lithium_Chloride","10174154_chr15_142608_C_A","8202615_chr12_958006_A_G","-","vQTL-vQTL","1.90131096656","22.0349900705","23.9363010371","0","1","2.87e-05","0.003110758"
"400","Maltose","7222584_chr11_644429_T_C","4813093_chr07_1074154_G_C","QTL-QTL","-","113.097259411","204.540938435","317.638197847","0","0","7.18e-84","4.56e-84"
"401","Maltose","504822_chr02_274614_C_T","7544344_chr12_299735_G_A","-","vQTL-vQTL","0.0457809041583","1.46003998708","1.50582089124","1","1","0.001058019","0.003675326"
"402","Maltose","504822_chr02_274614_C_T","422802_chr02_192594_C_T","-","vQTL-vQTL","0.46269518996","1.74583442009","2.20852961005","1","0.939","0.001058019","0.000697781"
"403","Maltose","373509_chr02_143301_A_T","7544344_chr12_299735_G_A","-","vQTL-vQTL","0.0654742764543","1.82772069363","1.89319497009","1","1","0.001735073","0.003675326"
"404","Maltose","373509_chr02_143301_A_T","422802_chr02_192594_C_T","-","vQTL-vQTL","0.303542213502","1.76157838205","2.06512059555","1","0.939","0.001735073","0.000697781"
"405","Maltose","373509_chr02_143301_A_T","504822_chr02_274614_C_T","-","vQTL-vQTL","0.164676339934","1.04304331327","1.20771965321","1","1","0.001735073","0.001058019"
"406","Calcium_Chloride","8792446_chr13_469662_A_G","6629628_chr11_51473_T_C","-","vQTL-vQTL","0.182231190065","0.954306104848","1.13653729491","1","1","0.002937819","0.001108905"
"407","Calcium_Chloride","8792446_chr13_469662_A_G","8146939_chr12_902330_T_C","-","vQTL-vQTL","0.563417345453","1.33310562502","1.89652297047","1","1","0.002937819","0.003710426"
"408","Calcium_Chloride","7522214_chr12_277605_A_T","6629628_chr11_51473_T_C","-","vQTL-vQTL","0.194466473829","4.28047049471","4.47493696854","0.05","1","0.003649129","0.001108905"
"409","Calcium_Chloride","7522214_chr12_277605_A_T","8792446_chr13_469662_A_G","-","vQTL-vQTL","0.3000127912","3.97127142982","4.27128422102","0.05","1","0.003649129","0.002937819"
"410","Calcium_Chloride","5528517_chr09_135988_G_C","8146939_chr12_902330_T_C","-","vQTL-vQTL","0.155114602597","1.59860296591","1.75371756851","1","1","0.002525296","0.003710426"
"411","Calcium_Chloride","8832874_chr13_510090_G_A","6629628_chr11_51473_T_C","-","vQTL-vQTL","0.469733415015","0.922676456876","1.39240987189","1","1","0.001783656","0.001108905"
"412","Calcium_Chloride","8832874_chr13_510090_G_A","7522214_chr12_277605_A_T","-","vQTL-vQTL","0.263071574861","3.87646103699","4.13953261185","1","0.05","0.001783656","0.003649129"
"413","Calcium_Chloride","2270688_chr04_910685_T_C","6629628_chr11_51473_T_C","-","vQTL-vQTL","0.229877775353","0.725202271173","0.955080046526","1","1","0.001010065","0.001108905"
"414","Calcium_Chloride","2270688_chr04_910685_T_C","7522214_chr12_277605_A_T","-","vQTL-vQTL","0.423588662358","3.65095822599","4.07454688835","1","0.05","0.001010065","0.003649129"
"415","x4.Hydroxybenzaldehyde","8369542_chr13_46758_C_T","9615398_chr14_368185_C_T","QTL-QTL","-","7.69819701325","46.2457339136","53.9439309268","0","0","0.000827486","2.6e-16"
"416","x4.Hydroxybenzaldehyde","8369542_chr13_46758_C_T","1887320_chr04_527317_C_G","QTL-QTL","-","1.85544027773","54.6695296292","56.524969907","0","0","0.000827486","0.053051808"
"417","x4.Hydroxybenzaldehyde","8369542_chr13_46758_C_T","7924418_chr12_679809_G_A","QTL-QTL","-","1.622981226","45.2301005391","46.8530817651","0","0.037","0.000827486","0.086397112"
"418","x4.Hydroxybenzaldehyde","snp1","snp2","-","vQTL-vQTL","LODi","LODa","LODf","x4.Hydroxybenzaldehyde","snp1","snp2","-"
"419","x4.Hydroxybenzaldehyde","snp1","snp2","-","vQTL-vQTL","LODi","LODa","LODf","x4.Hydroxybenzaldehyde","snp1","snp2","-"
"420","x4.Hydroxybenzaldehyde","9612929_chr14_365716_C_T","3171792_chr05_279870_A_G","-","vQTL-vQTL","0.157198751815","6.0495732766","6.20677202841","0","1","2.69e-17","0.000544234"
"421","Galactose","5071950_chr08_242064_C_T","10586998_chr15_555452_A_G","QTL-QTL","-","1.2799998203","22.6156182594","23.8956180796","0.003","0","0.565870474","0.164684626"
"422","Galactose","3380752_chr05_488830_G_A","6781921_chr11_203766_C_T","-","vQTL-vQTL","0.00462279789219","0.727198043452","0.731820841344","1","1","0.002307556","0.001672872"
"423","Galactose","9615398_chr14_368185_C_T","6781921_chr11_203766_C_T","-","vQTL-vQTL","0.521371301315","0.713452754347","1.23482405566","1","1","1.47e-06","0.001672872"
"424","Galactose","9615398_chr14_368185_C_T","3380752_chr05_488830_G_A","-","vQTL-vQTL","0.0673248019577","0.0801749614748","0.147499763432","1","1","1.47e-06","0.002307556"
"425","Mannose","10203291_chr15_171745_C_T","9551337_chr14_304124_G_A","QTL-QTL","-","1.40248846768","37.0306005889","38.4330890566","0","0","0.042428597","0.002264719"
"426","Mannose","10203291_chr15_171745_C_T","10517329_chr15_485783_G_A","QTL-QTL","-","4.37306750239","35.3317743764","39.7048418788","0","0","0.042428597","0.018199928"
"427","Mannose","10203291_chr15_171745_C_T","7924418_chr12_679809_G_A","QTL-QTL","-","0.958532489305","34.0065518666","34.9650843559","0","0.033","0.042428597","0.159345113"
"428","Mannose","7629434_chr12_384825_T_C","9505804_chr14_258591_G_C","-","vQTL-vQTL","0.651396773152","5.28213297551","5.93352974866","1","0","0.000754965","1.41e-05"
"429","x6.Azauracil","9760457_chr14_513244_T_C","6042754_chr10_210340_C_A","-","vQTL-vQTL","0.20730272708","3.7857434496","3.99304617668","0.04","1","0.002695192","0.000253188"
"430","x6.Azauracil","5884450_chr10_52036_C_A","6042754_chr10_210340_C_A","-","vQTL-vQTL","0.277215413339","0.127012078295","0.404227491634","1","1","0.004101215","0.000253188"
"431","x6.Azauracil","5884450_chr10_52036_C_A","9760457_chr14_513244_T_C","-","vQTL-vQTL","0.118778639578","3.65589393923","3.77467257881","1","0.04","0.004101215","0.002695192"
"432","x6.Azauracil","5973786_chr10_141372_T_C","6042754_chr10_210340_C_A","-","vQTL-vQTL","0.24632368879","0.143356165011","0.389679853801","1","1","0.000834291","0.000253188"
"433","x6.Azauracil","5973786_chr10_141372_T_C","5884450_chr10_52036_C_A","-","vQTL-vQTL","0.724396800999","0.077080297781","0.80147709878","1","1","0.000834291","0.004101215"
"434","x6.Azauracil","2308413_chr04_948410_A_G","6042754_chr10_210340_C_A","-","vQTL-vQTL","0.851439194386","1.17805114911","2.0294903435","1","1","0.002306832","0.000253188"
"435","x6.Azauracil","2308413_chr04_948410_A_G","9760457_chr14_513244_T_C","-","vQTL-vQTL","0.124322948306","4.79057573233","4.91489868063","1","0.04","0.002306832","0.002695192"
"436","x6.Azauracil","2308413_chr04_948410_A_G","5884450_chr10_52036_C_A","-","vQTL-vQTL","0.428528468192","1.08264175293","1.51117022112","1","1","0.002306832","0.004101215"
"437","x6.Azauracil","2308413_chr04_948410_A_G","5973786_chr10_141372_T_C","-","vQTL-vQTL","0.237764857163","1.16192567233","1.39969052949","1","1","0.002306832","0.000834291"
"438","x6.Azauracil","8720515_chr13_397731_T_C","6042754_chr10_210340_C_A","-","vQTL-vQTL","0.136309370833","0.12681879355","0.263128164383","1","1","0.000356907","0.000253188"
"439","x6.Azauracil","8720515_chr13_397731_T_C","9760457_chr14_513244_T_C","-","vQTL-vQTL","0.134544692481","3.64995769343","3.78450238591","1","0.04","0.000356907","0.002695192"
"440","x6.Azauracil","8720515_chr13_397731_T_C","5884450_chr10_52036_C_A","-","vQTL-vQTL","0.35721883828","0.0107142051568","0.367933043437","1","1","0.000356907","0.004101215"
"441","x6.Azauracil","8720515_chr13_397731_T_C","5973786_chr10_141372_T_C","-","vQTL-vQTL","0.163320848158","0.07841993699","0.241740785148","1","1","0.000356907","0.000834291"
"442","Magnesium_Chloride","9623528_chr14_376315_C_T","10517329_chr15_485783_G_A","QTL-QTL","-","0.63143821642","35.117482698","35.7489209144","0","0","0.940454053","0.876514226"
"443","Magnesium_Chloride","6930145_chr11_351990_T_A","7566652_chr12_322043_C_T","-","vQTL-vQTL","0.926394172315","0.273154833265","1.19954900558","1","1","0.002967526","0.004845893"
"444","Magnesium_Chloride","9956532_chr14_709319_C_T","7566652_chr12_322043_C_T","-","vQTL-vQTL","0.0453305214048","0.0332102274383","0.0785407488431","1","1","0.001353255","0.004845893"
"445","Magnesium_Chloride","9956532_chr14_709319_C_T","6930145_chr11_351990_T_A","-","vQTL-vQTL","0.188071001228","0.249387346044","0.437458347272","1","1","0.001353255","0.002967526"
"446","Magnesium_Chloride","8630199_chr13_307415_T_C","7566652_chr12_322043_C_T","-","vQTL-vQTL","0.214926929954","0.0826706329223","0.297597562876","1","1","0.003086416","0.004845893"
"447","Magnesium_Chloride","8630199_chr13_307415_T_C","6930145_chr11_351990_T_A","-","vQTL-vQTL","0.4895476927","0.29539061073","0.78493830343","1","1","0.003086416","0.002967526"
"448","Magnesium_Chloride","8630199_chr13_307415_T_C","9956532_chr14_709319_C_T","-","vQTL-vQTL","0.169877771314","0.050114998526","0.21999276984","1","1","0.003086416","0.001353255"
"449","Ethanol","9713803_chr14_466590_T_G","1841075_chr04_481072_C_G","QTL-QTL","-","1.16800342738","83.4999149149","84.6679183423","0","0.031","6.12e-07","0.055911738"
"450","Ethanol","7936771_chr12_692162_C_T","9713803_chr14_466590_T_G","QTL-QTL","-","1.35411873675","92.0204208049","93.3745395417","0","0","0.000257503","6.12e-07"
"451","Ethanol","10211396_chr15_179850_A_G","1841075_chr04_481072_C_G","QTL-QTL","-","0.729848767104","16.6006801731","17.3305289402","0","0.031","0.006092706","0.055911738"
"452","Ethanol","10211396_chr15_179850_A_G","9713803_chr14_466590_T_G","QTL-QTL","-","1.52611719935","91.7231755818","93.2492927812","0","0","0.006092706","6.12e-07"
"453","Ethanol","10211396_chr15_179850_A_G","7936771_chr12_692162_C_T","QTL-QTL","-","1.51100059479","23.287330991","24.7983315858","0","0","0.006092706","0.000257503"
"454","Ethanol","9615398_chr14_368185_C_T","7947967_chr12_703358_C_A","-","vQTL-vQTL","0.53657720952","58.1575168657","58.6940940752","0","0","7.12e-05","0.000143566"
"455","Ethanol","7871033_chr12_626424_T_A","7947967_chr12_703358_C_A","-","vQTL-vQTL","0.259935899767","9.86522952103","10.1251654208","0","0","4.67e-05","0.000143566"
"456","Ethanol","7871033_chr12_626424_T_A","9615398_chr14_368185_C_T","-","vQTL-vQTL","0.874395773944","54.6486865178","55.5230822918","0","0","4.67e-05","7.12e-05"
"457","Ethanol","11638328_chr16_515493_C_G","7871033_chr12_626424_T_A","-","vQTL-vQTL","0.254850485617","6.61903060469","6.87388109031","1","0","0.003870377","4.67e-05"
"458","Ethanol","3954853_chr07_215914_C_T","7947967_chr12_703358_C_A","-","vQTL-vQTL","0.950218221469","9.15182060225","10.1020388237","1","0","0.000852398","0.000143566"
"459","Ethanol","3954853_chr07_215914_C_T","9615398_chr14_368185_C_T","-","vQTL-vQTL","2.54755397883","47.9718324577","50.5193864365","1","0","0.000852398","7.12e-05"
"460","Ethanol","9720862_chr14_473649_T_C","7947967_chr12_703358_C_A","-","vQTL-vQTL","2.50119018177","85.8871056842","88.3882958659","0","0","3.95e-07","0.000143566"
"461","Ethanol","9720862_chr14_473649_T_C","9615398_chr14_368185_C_T","-","vQTL-vQTL","1.02765547067","102.551310109","103.578965579","0","0","3.95e-07","7.12e-05"
"462","Ethanol","9720862_chr14_473649_T_C","7871033_chr12_626424_T_A","-","vQTL-vQTL","1.33611865906","84.1024258815","85.4385445405","0","0","3.95e-07","4.67e-05"
"463","Ethanol","9720862_chr14_473649_T_C","11638328_chr16_515493_C_G","-","vQTL-vQTL","1.721451497","76.1412396526","77.8626911496","0","1","3.95e-07","0.003870377"
"464","Ethanol","9720862_chr14_473649_T_C","3954853_chr07_215914_C_T","-","vQTL-vQTL","2.07336715717","75.9436463635","78.0170135207","0","1","3.95e-07","0.000852398"
"465","Ethanol","5106991_chr08_277105_G_A","9615398_chr14_368185_C_T","-","vQTL-vQTL","0.284164960214","48.0287411511","48.3129061113","1","0","0.003901609","7.12e-05"
"466","Ethanol","5106991_chr08_277105_G_A","9720862_chr14_473649_T_C","-","vQTL-vQTL","0.464316019739","75.908766816","76.3730828357","1","0","0.003901609","3.95e-07"
"467","Ethanol","11458101_chr16_335266_C_T","7947967_chr12_703358_C_A","-","vQTL-vQTL","0.857630294009","10.5655687211","11.4231990151","0.979","0","0.002932381","0.000143566"
"468","Ethanol","11458101_chr16_335266_C_T","7871033_chr12_626424_T_A","-","vQTL-vQTL","0.958398866867","8.13242307346","9.09082194033","0.979","0","0.002932381","4.67e-05"
"469","Ethanol","11458101_chr16_335266_C_T","11638328_chr16_515493_C_G","-","vQTL-vQTL","0.362328521167","1.67277747039","2.03510599156","0.979","1","0.002932381","0.003870377"
"470","Ethanol","11458101_chr16_335266_C_T","3954853_chr07_215914_C_T","-","vQTL-vQTL","1.59346276855","1.61538234709","3.20884511564","0.979","1","0.002932381","0.000852398"
"471","Ethanol","11458101_chr16_335266_C_T","9720862_chr14_473649_T_C","-","vQTL-vQTL","1.14043846501","77.1294724317","78.2699108967","0.979","0","0.002932381","3.95e-07"
"472","Ethanol","11458101_chr16_335266_C_T","5106991_chr08_277105_G_A","-","vQTL-vQTL","1.07432834758","1.61721855382","2.69154690141","0.979","1","0.002932381","0.003901609"
"473","Lactate","10415073_chr15_383527_A_T","3163055_chr05_271133_T_A","-","vQTL-vQTL","1.13880688128","22.4435810388","23.58238792","0","1","0.002160187","0.002692248"
"474","Lactate","10415073_chr15_383527_A_T","10616735_chr15_585189_A_G","-","vQTL-vQTL","1.70829560657","24.0739238489","25.7822194555","0","0.041","0.002160187","8.41e-05"
"475","Lactate","10415073_chr15_383527_A_T","8026611_chr12_782002_A_G","-","vQTL-vQTL","1.17762049652","31.853600951","33.0312214475","0","0","0.002160187","0.001320561"
"476","Lactate","9798122_chr14_550909_G_C","4133834_chr07_394895_C_A","-","vQTL-vQTL","0.416254860103","2.70438371651","3.12063857661","0.597","1","7.18e-05","0.002263931"
"477","Lactate","9798122_chr14_550909_G_C","8026611_chr12_782002_A_G","-","vQTL-vQTL","0.596951183343","12.5077554656","13.104706649","0.597","0","7.18e-05","0.001320561"
"478","Lactate","10171766_chr15_140220_T_C","2812191_chr04_1452188_A_G","-","vQTL-vQTL","1.37362802628","37.1837957701","38.5574237964","0","0.991","0.002174186","0.001054277"
"479","Lactate","10171766_chr15_140220_T_C","3163055_chr05_271133_T_A","-","vQTL-vQTL","0.422962814342","36.3849479135","36.8079107279","0","1","0.002174186","0.002692248"
"480","Lactate","10171766_chr15_140220_T_C","10616735_chr15_585189_A_G","-","vQTL-vQTL","2.34158188644","39.6039827715","41.945564658","0","0.041","0.002174186","8.41e-05"
"481","Lactate","10171766_chr15_140220_T_C","8026611_chr12_782002_A_G","-","vQTL-vQTL","0.507760115084","47.4009841149","47.90874423","0","0","0.002174186","0.001320561"
"482","Lactate","10171766_chr15_140220_T_C","10415073_chr15_383527_A_T","-","vQTL-vQTL","0.909813608254","60.7927328192","61.7025464274","0","0","0.002174186","0.002160187"
"483","Lactate","10171766_chr15_140220_T_C","5079724_chr08_249838_A_G","-","vQTL-vQTL","0.498744725113","38.1882240752","38.6869688003","0","0.823","0.002174186","0.003552819"
"484","Lactate","10171766_chr15_140220_T_C","9798122_chr14_550909_G_C","-","vQTL-vQTL","0.656059635295","38.4035316266","39.0595912619","0","0.597","0.002174186","7.18e-05"
"485","Lactate","7503538_chr12_258929_G_A","10171766_chr15_140220_T_C","-","vQTL-vQTL","1.44745969255","36.3341997935","37.781659486","1","0","0.003139508","0.002174186"
"486","Lactate","4075399_chr07_336460_T_A","8026611_chr12_782002_A_G","-","vQTL-vQTL","0.670541852702","10.0587793868","10.7293212395","1","0","0.001582605","0.001320561"
"487","Lactate","4075399_chr07_336460_T_A","10171766_chr15_140220_T_C","-","vQTL-vQTL","0.803856446222","36.1583107374","36.9621671837","1","0","0.001582605","0.002174186"
"488","Lactose","4200819_chr07_461880_G_A","5557565_chr09_165036_C_G","-","vQTL-vQTL","0.57210945446","0.32069502229","0.89280447675","1","1","0.00033498","0.001182968"
"489","Lactose","9756794_chr14_509581_G_T","5790942_chr09_398413_C_T","-","vQTL-vQTL","1.21859927957","3.10160415607","4.32020343564","0.18","1","0.004043317","0.000932382"
"490","Lactose","9756794_chr14_509581_G_T","8021786_chr12_777177_T_C","-","vQTL-vQTL","0.625169667574","10.2948928119","10.9200624795","0.18","0","0.004043317","0.002299213"
"491","Lactose","4336194_chr07_597255_T_C","5557565_chr09_165036_C_G","-","vQTL-vQTL","0.802342163444","0.621199320236","1.42354148368","1","1","0.001935925","0.001182968"
"492","Lactose","4336194_chr07_597255_T_C","5790942_chr09_398413_C_T","-","vQTL-vQTL","0.56245248622","0.530089327224","1.09254181344","1","1","0.001935925","0.000932382"
"493","Lactose","4336194_chr07_597255_T_C","890392_chr02_660184_A_G","-","vQTL-vQTL","0.562832010022","2.40983209606","2.97266410608","1","0.812","0.001935925","0.000196721"
"494","Lactose","9861974_chr14_614761_T_A","8021786_chr12_777177_T_C","-","vQTL-vQTL","0.586665759025","7.8093473346","8.39601309362","1","0","0.003134699","0.002299213"
"495","Lactose","4095867_chr07_356928_A_G","5790942_chr09_398413_C_T","-","vQTL-vQTL","0.6158822416","0.125876195824","0.741758437425","1","1","0.00190668","0.000932382"
"496","Lactose","2504482_chr04_1144479_C_T","9756794_chr14_509581_G_T","-","vQTL-vQTL","1.54895286895","3.60555828217","5.15451115113","1","0.18","0.002436667","0.004043317"
"497","Xylose","10211396_chr15_179850_A_G","9714243_chr14_467030_A_G","QTL-QTL","-","5.91810328364","83.8467148085","89.7648180921","0","0","0.00028753","0.014016409"
"498","Xylose","7991969_chr12_747360_C_T","9714243_chr14_467030_A_G","QTL-QTL","-","1.64452300174","59.0838785948","60.7284015965","0","0","0.317394368","0.014016409"
"499","Xylose","11827229_chr16_704394_G_C","4057556_chr07_318617_T_C","-","vQTL-vQTL","0.114769672007","0.149033769339","0.263803441346","1","1","0.002811964","0.004155721"
"500","Xylose","9805503_chr14_558290_A_T","4057556_chr07_318617_T_C","-","vQTL-vQTL","0.0224153887821","3.49877306095","3.52118844973","0.062","1","0.002872232","0.004155721"
"501","Xylose","9805503_chr14_558290_A_T","11827229_chr16_704394_G_C","-","vQTL-vQTL","0.401244433161","3.40169458936","3.80293902252","0.062","1","0.002872232","0.002811964"
"502","Xylose","10211396_chr15_179850_A_G","4057556_chr07_318617_T_C","-","vQTL-vQTL","1.15727086342","32.7495465634","33.9068174268","0","1","0.00028753","0.004155721"
"503","Xylose","10211396_chr15_179850_A_G","11827229_chr16_704394_G_C","-","vQTL-vQTL","0.0473403620624","32.6977824553","32.7451228174","0","1","0.00028753","0.002811964"
"504","Xylose","10211396_chr15_179850_A_G","9805503_chr14_558290_A_T","-","vQTL-vQTL","2.07722976215","36.0963529625","38.1735827246","0","0.062","0.00028753","0.002872232"
"505","Trehalose","4190849_chr07_451910_G_A","3932422_chr07_193483_G_A","-","vQTL-vQTL","1.05722142653","1.32052191698","2.37774334351","1","0.998","0.001030768","0.000873428"
"506","Trehalose","2936451_chr05_44529_A_G","3932422_chr07_193483_G_A","-","vQTL-vQTL","0.265449573594","1.32247803775","1.58792761134","1","0.998","0.000582174","0.000873428"
"507","Trehalose","2936451_chr05_44529_A_G","4190849_chr07_451910_G_A","-","vQTL-vQTL","0.269760745254","0.0850577909469","0.354818536201","1","1","0.000582174","0.001030768"
"508","Trehalose","4788295_chr07_1049356_T_C","3932422_chr07_193483_G_A","-","vQTL-vQTL","0.29761513472","1.34297581299","1.64059094771","1","0.998","0.003930448","0.000873428"
"509","Trehalose","2573556_chr04_1213553_G_A","3932422_chr07_193483_G_A","-","vQTL-vQTL","0.842515704219","1.74764286693","2.59015857115","1","0.998","0.003131378","0.000873428"
"510","Trehalose","2573556_chr04_1213553_G_A","9800584_chr14_553371_G_C","-","vQTL-vQTL","0.898950407622","3.19667623908","4.0956266467","1","0.248","0.003131378","4.51e-05"
"511","Trehalose","4087865_chr07_348926_T_G","9800584_chr14_553371_G_C","-","vQTL-vQTL","0.395937597583","2.85994946259","3.25588706017","1","0.248","0.000176916","4.51e-05"
"512","Trehalose","4087865_chr07_348926_T_G","4788295_chr07_1049356_T_C","-","vQTL-vQTL","0.260358667092","0.184612743991","0.444971411083","1","1","0.000176916","0.003930448"
"513","Trehalose","9735032_chr14_487819_C_T","3932422_chr07_193483_G_A","-","vQTL-vQTL","1.07863287084","16.6376678071","17.7163006779","0","0.998","3.7e-06","0.000873428"
"514","Trehalose","9735032_chr14_487819_C_T","9800584_chr14_553371_G_C","-","vQTL-vQTL","0.229895594459","15.9456723222","16.1755679167","0","0.248","3.7e-06","4.51e-05"
"515","Trehalose","9735032_chr14_487819_C_T","2573556_chr04_1213553_G_A","-","vQTL-vQTL","2.43490804731","16.2298740592","18.6647821065","0","1","3.7e-06","0.003131378"
"516","Trehalose","9735032_chr14_487819_C_T","4087865_chr07_348926_T_G","-","vQTL-vQTL","0.396580226125","15.8495530107","16.2461332368","0","1","3.7e-06","0.000176916"
"517","x5.Fluorocytosine","9735032_chr14_487819_C_T","9140084_chr13_817300_C_A","QTL-QTL","-","2.14650250335","55.9073054488","58.0538079522","0","0","2.58e-08","0.001485983"
"518","x5.Fluorocytosine","9141801_chr13_819017_C_T","9735032_chr14_487819_C_T","-","vQTL-vQTL","1.88023398863","52.2403432747","54.1205772634","0","0","0.000937949","2.58e-08"
"519","x5.Fluorocytosine","9896123_chr14_648910_T_C","9735032_chr14_487819_C_T","-","vQTL-vQTL","0.0634420099776","15.9244821367","15.9879241467","1","0","0.001252036","2.58e-08"
"520","x5.Fluorocytosine","9896123_chr14_648910_T_C","9141801_chr13_819017_C_T","-","vQTL-vQTL","1.56971393789","31.7723539784","33.3420679163","1","0","0.001252036","0.000937949"
"521","x5.Fluorocytosine","378383_chr02_148175_C_T","9735032_chr14_487819_C_T","-","vQTL-vQTL","0.0734557493664","32.5907967637","32.6642525131","0","0","0.001965344","2.58e-08"
"522","x5.Fluorocytosine","378383_chr02_148175_C_T","9141801_chr13_819017_C_T","-","vQTL-vQTL","1.56897897306","48.3616371615","49.9306161346","0","0","0.001965344","0.000937949"
"523","x5.Fluorocytosine","378383_chr02_148175_C_T","9896123_chr14_648910_T_C","-","vQTL-vQTL","1.96966668902","15.7451230692","17.7147897583","0","1","0.001965344","0.001252036"
"524","x5.Fluorocytosine","6959379_chr11_381224_T_A","9735032_chr14_487819_C_T","-","vQTL-vQTL","1.11685709066","19.1007559305","20.2176130211","0.62","0","0.000811331","2.58e-08"
"525","x5.Fluorocytosine","6959379_chr11_381224_T_A","9141801_chr13_819017_C_T","-","vQTL-vQTL","0.420599475656","33.8658936622","34.2864931379","0.62","0","0.000811331","0.000937949"
"526","x5.Fluorocytosine","6959379_chr11_381224_T_A","9896123_chr14_648910_T_C","-","vQTL-vQTL","0.168679955882","3.57932864154","3.74800859742","0.62","1","0.000811331","0.001252036"
"527","x5.Fluorocytosine","6959379_chr11_381224_T_A","378383_chr02_148175_C_T","-","vQTL-vQTL","2.59877715764","16.7635809614","19.3623581191","0.62","0","0.000811331","0.001965344"
"528","x5.Fluorouracil","3179594_chr05_287672_G_A","356903_chr02_126695_G_T","QTL-QTL","-","1.16576921742","16.1648175085","17.330586726","0.003","0","0.010219662","0.208773035"
"529","x5.Fluorouracil","5674416_chr09_281887_A_G","10202696_chr15_171150_T_C","QTL-QTL","-","0.96033023045","13.9520437657","14.9123739961","0.046","0","0.158646968","0.109992774"
"530","x5.Fluorouracil","9734073_chr14_486860_T_A","10202696_chr15_171150_T_C","QTL-QTL","-","1.64118553094","76.1656567927","77.8068423236","0","0","0.064507143","0.109992774"
"531","x5.Fluorouracil","10898429_chr15_866883_A_C","3204595_chr05_312673_G_A","-","vQTL-vQTL","0.222608626887","4.13615465599","4.35876328287","1","0.084","0.002104922","0.000210675"
